Sample Number;X;Y;NI
151;795977.00;1232008.00;7.00
152;797155.00;1233326.00;15.00
153;805476.00;1211580.00;7.00
154;804483.00;1212796.00;7.00
155;804030.00;1212218.00;7.00
156;804035.00;1213069.00;7.00
157;802986.00;1211585.00;15.00
158;802676.00;1211686.00;5.00
159;802648.00;1211987.00;5.00
160;803558.00;1208530.00;15.00
161;803487.00;1208301.00;20.00
162;803247.00;1206682.00;20.00
163;805047.00;1206571.00;15.00
164;803990.00;1205527.00;7.00
165;803787.00;1204928.00;70.00
166;806365.00;1204493.00;10.00
167;805415.00;1203628.00;7.00
168;805779.00;1203486.00;7.00
169;805169.00;1201929.00;10.00
170;811482.00;1220636.00;15.00
171;811633.00;1220785.00;70.00
172;811539.00;1221786.00;7.00
173;811209.00;1221838.00;15.00
174;811340.00;1221937.00;30.00
175;809423.00;1219223.00;100.00
176;809290.00;1218649.00;50.00
177;793684.00;1230136.00;20.00
178;793732.00;1229726.00;20.00
179;793712.00;1228125.00;50.00
180;791357.00;1230611.00;70.00
181;791338.00;1230936.00;70.00
182;791557.00;1230599.00;10.00
183;810060.00;1221145.00;15.00
184;808459.00;1223535.00;20.00
185;807104.00;1227764.00;10.00
186;808054.00;1230259.00;50.00
187;807588.00;1233377.00;30.00
188;808149.00;1233389.00;70.00
189;807692.00;1235542.00;10.00
190;807234.00;1237596.00;150.00
191;807285.00;1237665.00;200.00
192;807497.00;1239694.00;200.00
193;812684.00;1214177.00;30.00
194;814244.00;1214218.00;10.00
195;814304.00;1214198.00;20.00
196;815449.00;1214971.00;30.00
197;790752.00;1216579.00;70.00
198;790727.00;1216634.00;30.00
199;791134.00;1216927.00;50.00
200;791154.00;1216937.00;100.00
201;792056.00;1217171.00;70.00
202;792718.00;1217568.00;50.00
203;792958.00;1217576.00;50.00
204;793460.00;1217843.00;150.00
205;793539.00;1217573.00;100.00
206;797040.00;1217622.00;70.00
207;797960.00;1217566.00;50.00
208;800165.00;1218243.00;100.00
209;800212.00;1217803.00;30.00
210;801048.00;1217828.00;70.00
211;808945.00;1231129.00;50.00
212;809119.00;1231052.00;70.00
213;810194.00;1230946.00;30.00
214;810052.00;1232197.00;70.00
215;810554.00;1232624.00;50.00
216;810395.00;1232715.00;30.00
217;811136.00;1233701.00;50.00
218;811121.00;1233726.00;30.00
219;790068.00;1225967.00;30.00
220;791309.00;1226129.00;30.00
221;791209.00;1226160.00;30.00
222;791656.00;1225557.00;20.00
223;792006.00;1225605.00;30.00
224;812843.00;1235611.00;30.00
225;812828.00;1235531.00;30.00
226;814501.00;1235220.00;70.00
227;814572.00;1235350.00;100.00
228;815721.00;1235153.00;70.00
229;815972.00;1235261.00;70.00
230;815997.00;1234461.00;70.00
231;815387.00;1234545.00;70.00
232;815945.00;1234241.00;70.00
233;795784.00;1236496.00;20.00
234;796278.00;1237113.00;30.00
235;796408.00;1237122.00;70.00
236;796679.00;1237330.00;30.00
237;796460.00;1237362.00;50.00
238;796780.00;1237485.00;50.00
239;797783.00;1237824.00;70.00
240;796822.00;1237795.00;70.00
241;796905.00;1238229.00;70.00
242;796852.00;1238505.00;100.00
243;796567.00;1238511.00;50.00
244;796702.00;1238531.00;100.00
245;808139.00;1233459.00;30.00
246;808139.00;1233409.00;200.00
247;808176.00;1233834.00;150.00
248;808293.00;1234038.00;100.00
249;808337.00;1234018.00;20.00
250;790863.00;1221810.00;30.00
251;790838.00;1221840.00;30.00
252;791787.00;1222455.00;70.00
253;791667.00;1222471.00;50.00
254;791989.00;1222754.00;50.00
255;792014.00;1222654.00;50.00
256;791292.00;1223318.00;200.00
257;793694.00;1223494.00;100.00
258;793544.00;1223395.00;30.00
259;812127.00;1232249.00;70.00
260;813309.00;1231577.00;30.00
261;813263.00;1231502.00;70.00
262;813396.00;1231106.00;30.00
263;813745.00;1230904.00;50.00
264;814495.00;1231000.00;70.00
265;814510.00;1231005.00;30.00
266;815127.00;1231216.00;20.00
267;815127.00;1231251.00;50.00
268;816560.00;1231682.00;30.00
269;816550.00;1231707.00;30.00
270;791953.00;1233278.00;70.00
271;793108.00;1232371.00;100.00
272;793284.00;1232549.00;50.00
273;794292.00;1231368.00;70.00
274;795936.00;1230313.00;10.00
275;796263.00;1229730.00;30.00
276;796684.00;1228227.00;15.00
277;796590.00;1227578.00;200.00
278;797673.00;1227951.00;15.00
279;797830.00;1227600.00;70.00
280;797700.00;1227521.00;50.00
281;798689.00;1226565.00;50.00
282;799109.00;1225712.00;200.00
283;799352.00;1224470.00;30.00
284;798472.00;1224575.00;70.00
285;799312.00;1222820.00;50.00
286;798842.00;1222853.00;70.00
287;800352.00;1219432.00;10.00
288;802797.00;1216837.00;70.00
289;807658.00;1225035.00;30.00
290;807688.00;1225020.00;20.00
291;806535.00;1224587.00;100.00
292;806564.00;1224481.00;20.00
293;805503.00;1224323.00;20.00
294;804229.00;1224556.00;20.00
295;804587.00;1228399.00;20.00
296;806384.00;1237646.00;30.00
297;806564.00;1239150.00;100.00
298;807397.00;1239665.00;10.00
299;805860.00;1236964.00;150.00
300;806558.00;1237470.00;200.00
301;807285.00;1237665.00;300.00
302;807235.00;1237686.00;500.00
303;806973.00;1237397.00;300.00
304;803464.00;1234518.00;70.00
305;805024.00;1236079.00;300.00
306;805866.00;1234773.00;200.00
307;806467.00;1234855.00;15.00
308;806368.00;1235070.00;150.00
309;807172.00;1235565.00;150.00
310;809604.00;1207679.00;50.00
311;808333.00;1207502.00;70.00
312;808435.00;1207851.00;50.00
313;807159.00;1208559.00;70.00
314;814001.00;1207018.00;50.00
315;813969.00;1206618.00;50.00
316;815550.00;1205009.00;30.00
317;815982.00;1205391.00;50.00
318;816390.00;1205054.00;50.00
319;816439.00;1204904.00;70.00
320;816590.00;1204963.00;30.00
321;802591.00;1205785.00;100.00
322;802463.00;1205986.00;20.00
323;802535.00;1204635.00;10.00
324;801480.00;1203841.00;70.00
325;801501.00;1204091.00;70.00
326;801591.00;1205791.00;70.00
327;800743.00;1206196.00;70.00
328;800432.00;1204198.00;70.00
329;800432.00;1204238.00;200.00
330;807828.00;1239762.00;30.00
331;808177.00;1239710.00;30.00
332;808197.00;1239630.00;15.00
333;808346.00;1239559.00;10.00
334;808416.00;1239524.00;10.00
335;809192.00;1238734.00;20.00
336;814106.00;1224471.00;100.00
337;814312.00;1222219.00;70.00
338;814393.00;1222399.00;50.00
339;814412.00;1222219.00;100.00
340;813380.00;1220224.00;30.00
341;813450.00;1220224.00;70.00
342;813833.00;1219021.00;100.00
343;814311.00;1217018.00;50.00
344;806574.00;1231068.00;300.00
345;806249.00;1231870.00;100.00
346;807139.00;1231855.00;200.00
347;799903.00;1234535.00;50.00
348;799844.00;1234565.00;70.00
349;800579.00;1235406.00;100.00
350;800618.00;1235306.00;70.00
351;801484.00;1235335.00;10.00
352;801590.00;1235610.00;70.00
353;802510.00;1235524.00;70.00
354;802898.00;1239993.00;15.00
355;803075.00;1239512.00;30.00
356;803650.00;1237858.00;15.00
357;802960.00;1237092.00;15.00
358;802498.00;1236794.00;50.00
359;805318.00;1230996.00;70.00
360;803800.00;1230505.00;50.00
361;803919.00;1230384.00;50.00
362;804814.00;1232859.00;15.00
363;803345.00;1233788.00;15.00
364;802849.00;1234502.00;10.00
365;810035.00;1221145.00;30.00
366;811127.00;1221498.00;20.00
367;811172.00;1222238.00;30.00
368;811142.00;1222258.00;30.00
369;811146.00;1223038.00;20.00
370;811279.00;1223558.00;20.00
371;808319.00;1225256.00;30.00
372;809433.00;1225799.00;100.00
373;809413.00;1225850.00;30.00
374;809756.00;1226408.00;50.00
375;797062.00;1217862.00;70.00
376;796960.00;1217582.00;100.00
377;795629.00;1217440.00;100.00
378;795255.00;1216842.00;100.00
379;795101.00;1216133.00;50.00
380;795215.00;1216017.00;100.00
381;794946.00;1215454.00;150.00
382;794926.00;1215414.00;70.00
383;794501.00;1214636.00;150.00
384;794482.00;1214786.00;150.00
385;793940.00;1214454.00;150.00
386;793640.00;1214456.00;70.00
387;793690.00;1214461.00;150.00
388;793218.00;1214193.00;150.00
389;793138.00;1214144.00;30.00
390;793236.00;1213858.00;150.00
391;793134.00;1213449.00;30.00
392;793054.00;1213544.00;100.00
393;792732.00;1213246.00;100.00
394;792479.00;1212647.00;70.00
395;792360.00;1212848.00;150.00
396;792217.00;1214950.00;100.00
397;792047.00;1212350.00;70.00
398;790623.00;1211858.00;10.00
399;790743.00;1211832.00;70.00
400;793728.00;1209039.00;100.00
401;793557.00;1208890.00;70.00
402;795211.00;1209480.00;50.00
403;795210.00;1209330.00;150.00
404;796213.00;1209724.00;150.00
405;796211.00;1209469.00;70.00
406;796728.00;1210531.00;150.00
407;796817.00;1210371.00;70.00
408;797270.00;1210848.00;30.00
409;798008.00;1212129.00;100.00
410;799685.00;1213255.00;50.00
411;799703.00;1213004.00;20.00
412;800256.00;1213376.00;50.00
413;800588.00;1213799.00;100.00
414;801018.00;1214522.00;100.00
415;801546.00;1214994.00;70.00
416;801799.00;1215523.00;100.00
417;801769.00;1215543.00;50.00
418;802655.00;1216508.00;100.00
419;818882.00;1210410.00;10.00
420;819267.00;1221309.00;100.00
421;819060.00;1220975.00;15.00
422;818703.00;1220543.00;10.00
423;818840.00;1204889.00;100.00
424;818167.00;1204453.00;20.00
425;818493.00;1205432.00;30.00
426;820217.00;1206051.00;20.00
427;820236.00;1205966.00;10.00
428;820406.00;1207681.00;5.00
429;820229.00;1208117.00;10.00
430;824467.00;1206907.00;15.00
431;822793.00;1213867.00;200.00
432;822923.00;1213766.00;15.00
433;820940.00;1213328.00;30.00
434;820235.00;1212582.00;15.00
435;819494.00;1212347.00;50.00
436;819536.00;1212736.00;50.00
437;821274.00;1215761.00;30.00
438;821362.00;1217036.00;50.00
439;819378.00;1216388.00;50.00
440;819407.00;1216268.00;20.00
441;818218.00;1215655.00;20.00
442;820815.00;1213289.00;70.00
443;823637.00;1212862.00;20.00
444;823788.00;1212961.00;30.00
445;821921.00;1210222.00;15.00
446;818771.00;1210191.00;20.00
447;816586.00;1211154.00;20.00
448;822358.00;1207919.00;10.00
449;822353.00;1207989.00;5.00
450;824064.00;1208924.00;5.00
451;824095.00;1209049.00;30.00
452;819270.00;1201586.00;10.00
453;818593.00;1201990.00;30.00
454;818653.00;1202060.00;20.00
455;822163.00;1204470.00;20.00
456;820122.00;1203582.00;100.00
457;820201.00;1205051.00;100.00
458;820392.00;1205280.00;30.00
459;820092.00;1200156.00;5.00
460;818098.00;1202994.00;70.00
461;818167.00;1217995.00;20.00
463;822167.00;1204390.00;15.00
464;821639.00;1203023.00;200.00
465;823195.00;1202294.00;7.00
468;730670.00;1236760.00;30.00
469;731131.00;1236770.00;5.00
470;730860.00;1236710.00;3.00
471;731794.00;1235610.00;3.00
472;731695.00;1235730.00;5.00
477;731245.00;1235830.00;5.00
503;732131.00;1235000.00;10.00
504;732567.00;1235970.00;15.00
505;732508.00;1236040.00;15.00
506;732638.00;1236130.00;10.00
507;732941.00;1236490.00;10.00
508;733040.00;1236430.00;10.00
509;733140.00;1236390.00;10.00
510;733150.00;1236400.00;10.00
511;733275.00;1236320.00;15.00
512;733280.00;1236300.00;15.00
513;733280.00;1236280.00;10.00
514;733300.00;1236290.00;15.00
515;733360.00;1236250.00;15.00
516;733370.00;1236260.00;15.00
517;730026.00;1231260.00;3.00
518;730146.00;1231150.00;3.00
519;730146.00;1231130.00;3.00
520;730204.00;1230900.00;3.00
521;730204.00;1230930.00;3.00
522;730285.00;1230980.00;3.00
523;730295.00;1230970.00;3.00
524;730384.00;1230910.00;3.00
525;730405.00;1230920.00;5.00
526;730475.00;1230950.00;5.00
527;730475.00;1230930.00;3.00
528;730524.00;1230900.00;3.00
529;730535.00;1230925.00;5.00
537;767565.00;1236700.00;150.00
538;768016.00;1236750.00;70.00
539;768115.00;1236650.00;30.00
540;768114.00;1236500.00;50.00
541;768464.00;1236500.00;50.00
542;768463.00;1236250.00;70.00
543;764846.00;1233850.00;50.00
544;764995.00;1233600.00;50.00
545;764895.00;1233600.00;30.00
546;764745.00;1233650.00;30.00
547;764845.00;1233700.00;50.00
548;766003.00;1234800.00;100.00
549;766054.00;1234950.00;100.00
550;766055.00;1235200.00;100.00
551;765489.00;1232650.00;150.00
552;765487.00;1232300.00;50.00
553;765537.00;1232300.00;100.00
554;765737.00;1232250.00;50.00
555;765986.00;1232100.00;50.00
556;766035.00;1231900.00;70.00
557;766433.00;1231550.00;50.00
558;766481.00;1231250.00;70.00
559;766333.00;1231600.00;100.00
560;758260.00;1236750.00;50.00
561;758261.00;1236800.00;70.00
562;758359.00;1236500.00;30.00
563;758762.00;1237050.00;50.00
564;758562.00;1237050.00;30.00
565;759016.00;1237550.00;30.00
566;759066.00;1237600.00;30.00
567;759317.00;1237800.00;50.00
568;759368.00;1237850.00;50.00
569;759367.00;1237700.00;50.00
570;759669.00;1238100.00;30.00
571;759519.00;1238050.00;30.00
572;759920.00;1238250.00;30.00
573;760272.00;1238500.00;50.00
574;760272.00;1238450.00;50.00
575;760626.00;1239100.00;30.00
576;760978.00;1239450.00;30.00
577;762946.00;1225700.00;70.00
578;763244.00;1225450.00;70.00
579;763845.00;1225550.00;70.00
580;763495.00;1225500.00;150.00
581;764298.00;1226000.00;70.00
582;764299.00;1226200.00;70.00
583;766709.00;1227500.00;70.00
584;766858.00;1227450.00;50.00
585;766608.00;1227450.00;1500.00
586;766005.00;1227000.00;30.00
587;766105.00;1227000.00;150.00
588;765803.00;1226600.00;100.00
589;765802.00;1226550.00;150.00
590;764699.00;1226050.00;50.00
591;764699.00;1226150.00;150.00
592;766501.00;1226250.00;20.00
593;766500.00;1226150.00;100.00
594;763686.00;1224000.00;30.00
595;732197.00;1235920.00;20.00
596;732187.00;1236060.00;10.00
597;732203.00;1236170.00;10.00
598;732129.00;1236290.00;15.00
599;732029.00;1236290.00;15.00
600;731849.00;1236330.00;10.00
601;731689.00;1236390.00;15.00
602;731629.00;1236450.00;15.00
603;731639.00;1236460.00;15.00
604;731670.00;1236530.00;7.00
605;731690.00;1236510.00;10.00
606;731720.00;1236530.00;10.00
607;731740.00;1236560.00;10.00
608;731811.00;1236730.00;5.00
609;731791.00;1236740.00;15.00
610;731671.00;1236750.00;10.00
611;731623.00;1236970.00;7.00
612;731563.00;1237120.00;10.00
613;731584.00;1237200.00;10.00
614;731530.00;1236550.00;10.00
615;731540.00;1236570.00;10.00
616;731470.00;1236630.00;10.00
617;731431.00;1236775.00;10.00
618;731445.00;1236610.00;10.00
619;731440.00;1236590.00;10.00
620;731360.00;1236550.00;7.00
621;731385.00;1236570.00;10.00
622;731350.00;1236630.00;10.00
623;732351.00;1236620.00;5.00
624;732357.00;1236710.00;7.00
625;732452.00;1236830.00;70.00
626;732453.00;1236930.00;15.00
627;732383.00;1236910.00;15.00
628;732213.00;1237020.00;10.00
629;732063.00;1237020.00;10.00
630;732063.00;1237010.00;10.00
631;731993.00;1236980.00;15.00
632;732012.00;1239990.00;15.00
633;731943.00;1237010.00;15.00
634;731943.00;1237030.00;15.00
635;731883.00;1237030.00;20.00
636;731893.00;1237060.00;15.00
637;730918.00;1234770.00;15.00
638;732165.00;1235600.00;3.00
639;732014.00;1235570.00;3.00
640;731884.00;1235600.00;3.00
641;731794.00;1235610.00;3.00
642;731744.00;1235600.00;3.00
643;731654.00;1235580.00;3.00
644;731614.00;1235570.00;3.00
645;731474.00;1235530.00;3.00
646;731334.00;1235550.00;3.00
647;731234.00;1235600.00;3.00
672;730301.00;1235260.00;3.00
679;731858.00;1237900.00;10.00
680;731668.00;1237840.00;3.00
681;731678.00;1237860.00;10.00
682;731728.00;1237850.00;20.00
683;731708.00;1237840.00;20.00
684;731718.00;1237800.00;20.00
685;731698.00;1237800.00;10.00
686;732663.00;1215500.00;70.00
687;771572.00;1221100.00;50.00
688;771672.00;1221100.00;50.00
689;772379.00;1222150.00;50.00
690;772479.00;1222150.00;50.00
691;772529.00;1222150.00;50.00
692;773232.00;1222600.00;50.00
693;773333.00;1222750.00;50.00
694;773884.00;1222800.00;30.00
695;773684.00;1222900.00;50.00
696;774236.00;1223100.00;50.00
697;775286.00;1223100.00;20.00
698;774437.00;1223250.00;30.00
699;774736.00;1223150.00;30.00
700;775138.00;1223400.00;30.00
701;775139.00;1223550.00;30.00
702;775991.00;1223800.00;30.00
703;776693.00;1224100.00;30.00
704;777445.00;1224400.00;30.00
705;777448.00;1224900.00;20.00
706;778053.00;1225600.00;20.00
707;778054.00;1225900.00;20.00
708;779208.00;1226350.00;30.00
709;778358.00;1226400.00;20.00
710;778359.00;1226600.00;30.00
711;782271.00;1228300.00;20.00
712;782171.00;1228350.00;20.00
713;782169.00;1227950.00;20.00
714;781716.00;1227500.00;30.00
715;781414.00;1227200.00;20.00
716;781311.00;1226700.00;20.00
717;781211.00;1226750.00;30.00
718;780908.00;1226250.00;30.00
719;780555.00;1225900.00;30.00
720;780605.00;1225750.00;20.00
721;785576.00;1237100.00;30.00
722;785576.00;1237200.00;30.00
723;786070.00;1236100.00;20.00
724;786170.00;1236100.00;30.00
725;786121.00;1236350.00;20.00
726;786317.00;1235700.00;20.00
727;786267.00;1235600.00;30.00
728;786210.00;1234500.00;50.00
729;786360.00;1234550.00;30.00
730;786203.00;1233400.00;30.00
731;786453.00;1233350.00;30.00
732;786201.00;1233050.00;30.00
733;786200.00;1232900.00;30.00
734;786048.00;1232550.00;30.00
735;780960.00;1234750.00;30.00
736;780960.00;1234750.00;30.00
737;780259.00;1234650.00;20.00
738;779711.00;1235000.00;30.00
739;779012.00;1235300.00;30.00
740;782034.00;1230450.00;20.00
741;780933.00;1230400.00;20.00
742;780782.00;1230200.00;20.00
743;780184.00;1230650.00;30.00
744;779334.00;1230750.00;20.00
745;778336.00;1231100.00;20.00
746;787017.00;1235650.00;20.00
747;787016.00;1235500.00;30.00
748;787664.00;1235050.00;30.00
749;787513.00;1234900.00;30.00
750;787958.00;1234050.00;30.00
751;788110.00;1234400.00;30.00
752;788209.00;1234250.00;30.00
753;786781.00;1237850.00;50.00
754;786781.00;1237800.00;50.00
755;787381.00;1237800.00;50.00
756;787381.00;1237850.00;70.00
757;787684.00;1238350.00;70.00
758;787685.00;1238450.00;70.00
759;788184.00;1238350.00;70.00
760;788184.00;1238300.00;70.00
761;733095.00;1237200.00;15.00
762;733075.00;1237190.00;15.00
763;732978.00;1237660.00;15.00
764;732979.00;1237760.00;15.00
765;732989.00;1237760.00;15.00
766;733280.00;1237890.00;15.00
767;733533.00;1238360.00;15.00
768;733513.00;1238380.00;15.00
769;733484.00;1238520.00;15.00
770;733474.00;1238540.00;15.00
771;733597.00;1239040.00;15.00
772;733577.00;1239040.00;15.00
773;733457.00;1239120.00;15.00
774;733457.00;1239100.00;7.00
775;733408.00;1239300.00;7.00
776;733398.00;1239290.00;10.00
777;733128.00;1239300.00;5.00
778;733148.00;1239310.00;7.00
779;733069.00;1239520.00;7.00
780;733059.00;1239480.00;7.00
781;733029.00;1239480.00;7.00
782;732820.00;1239560.00;7.00
783;732789.00;1239560.00;7.00
784;732380.00;1239620.00;5.00
785;732069.00;1239570.00;5.00
786;732069.00;1239550.00;7.00
787;731890.00;1239740.00;7.00
788;731870.00;1239830.00;5.00
789;731821.00;1239860.00;5.00
790;731810.00;1239850.00;7.00
791;731751.00;1239870.00;7.00
792;731761.00;1239880.00;7.00
793;731101.00;1233460.00;50.00
794;731111.00;1233480.00;70.00
795;731100.00;1233410.00;70.00
796;730820.00;1233410.00;70.00
797;731230.00;1233360.00;20.00
798;731260.00;1233380.00;20.00
799;731389.00;1233100.00;30.00
800;731398.00;1233010.00;30.00
801;731418.00;1233010.00;30.00
802;731538.00;1232950.00;30.00
803;731538.00;1232980.00;30.00
804;731698.00;1232980.00;30.00
805;731728.00;1232950.00;20.00
806;731748.00;1232930.00;30.00
807;731768.00;1232890.00;30.00
808;731751.00;1231870.00;50.00
809;731777.00;1232780.00;30.00
810;731811.00;1232580.00;30.00
811;731786.00;1232570.00;20.00
812;731924.00;1232330.00;30.00
813;731934.00;1232325.00;30.00
814;731924.00;1232190.00;70.00
815;731793.00;1232160.00;20.00
816;731803.00;1232090.00;70.00
817;731731.00;1231860.00;30.00
818;731751.00;1231860.00;70.00
819;731890.00;1231610.00;100.00
820;731880.00;1231600.00;100.00
821;735101.00;1236200.00;30.00
822;735071.00;1236260.00;20.00
823;735212.00;1236400.00;30.00
824;735272.00;1236450.00;30.00
825;735264.00;1236750.00;10.00
826;735345.00;1236950.00;20.00
827;735365.00;1236950.00;20.00
828;734340.00;1237050.00;15.00
829;735426.00;1237060.00;30.00
830;735507.00;1237120.00;30.00
831;735527.00;1237120.00;15.00
832;735678.00;1237360.00;15.00
833;735678.00;1237350.00;30.00
834;735568.00;1237410.00;30.00
835;735588.00;1237400.00;100.00
836;735651.00;1237750.00;30.00
837;735661.00;1237760.00;50.00
838;735741.00;1237820.00;50.00
839;735792.00;1237980.00;50.00
840;735772.00;1237990.00;100.00
841;735754.00;1238280.00;15.00
842;735754.00;1238280.00;100.00
843;735645.00;1238430.00;15.00
844;735645.00;1238400.00;100.00
845;735753.00;1238130.00;5.00
846;735783.00;1238140.00;100.00
847;735614.00;1238380.00;30.00
848;735615.00;1238390.00;70.00
849;735424.00;1238390.00;100.00
850;735404.00;1238380.00;30.00
851;735374.00;1238330.00;3.00
852;735334.00;1238330.00;10.00
853;735345.00;1238450.00;100.00
854;735355.00;1238450.00;70.00
855;735294.00;1238320.00;10.00
856;735294.00;1238300.00;15.00
857;735173.00;1238250.00;30.00
858;735193.00;1238230.00;20.00
859;734244.00;1236900.00;70.00
860;734845.00;1236880.00;100.00
861;734744.00;1236840.00;70.00
862;734744.00;1236860.00;70.00
863;734665.00;1236900.00;30.00
864;734645.00;1236940.00;100.00
865;734645.00;1236930.00;70.00
866;735257.00;1238820.00;15.00
867;735247.00;1238800.00;15.00
868;735207.00;1238770.00;70.00
869;735207.00;1238800.00;70.00
870;735116.00;1238680.00;70.00
871;735126.00;1238700.00;20.00
872;735116.00;1238650.00;30.00
873;735126.00;1238650.00;20.00
874;735115.00;1238580.00;30.00
875;735125.00;1238570.00;30.00
876;735467.00;1237150.00;50.00
877;735477.00;1237180.00;30.00
878;734959.00;1237500.00;50.00
879;734958.00;1237490.00;70.00
880;734929.00;1237500.00;70.00
881;734938.00;1237480.00;50.00
882;735858.00;1238950.00;30.00
883;735898.00;1238970.00;50.00
884;735858.00;1238860.00;20.00
885;735878.00;1238850.00;50.00
886;736056.00;1238530.00;50.00
887;736056.00;1238520.00;50.00
888;736275.00;1238340.00;15.00
889;736295.00;1238360.00;70.00
890;736275.00;1238340.00;70.00
893;732225.00;1235600.00;10.00
894;732195.00;1235610.00;10.00
895;732231.00;1235790.00;10.00
896;732246.00;1235800.00;10.00
897;732430.00;1236420.00;10.00
898;732454.00;1236330.00;10.00
899;732892.00;1236770.00;10.00
900;732903.00;1236800.00;10.00
901;733055.00;1237160.00;10.00
902;733035.00;1237190.00;10.00
903;732489.00;1237840.00;10.00
904;732509.00;1237860.00;10.00
905;732048.00;1237790.00;30.00
906;732054.00;1238010.00;50.00
907;731829.00;1237920.00;50.00
908;731783.00;1237910.00;15.00
909;731638.00;1237865.00;50.00
910;731618.00;1237860.00;5.00
911;731452.00;1237780.00;10.00
912;731398.00;1237810.00;10.00
913;731337.00;1237720.00;10.00
914;731282.00;1237805.00;5.00
915;731068.00;1237860.00;10.00
916;731007.00;1237740.00;15.00
917;730616.00;1237730.00;20.00
918;730586.00;1237735.00;5.00
919;730472.00;1237785.00;10.00
920;730466.00;1237645.00;7.00
921;730385.00;1237495.00;10.00
922;730375.00;1237550.00;10.00
923;733175.00;1237180.00;7.00
924;733185.00;1237170.00;7.00
925;733291.00;1237270.00;7.00
926;733291.00;1237280.00;7.00
927;733388.00;1237560.00;15.00
928;733358.00;1237560.00;7.00
929;733499.00;1237740.00;7.00
930;733534.00;1237830.00;7.00
931;733549.00;1237830.00;7.00
932;733872.00;1238210.00;7.00
933;733852.00;1238210.00;7.00
934;734262.00;1238220.00;7.00
935;734252.00;1238190.00;7.00
936;734282.00;1238150.00;7.00
937;734292.00;1238160.00;7.00
938;734352.00;1238200.00;7.00
939;734367.00;1238210.00;7.00
940;734403.00;1238265.00;7.00
941;734388.00;1238265.00;7.00
942;734393.00;1238310.00;7.00
943;734403.00;1238300.00;7.00
944;734674.00;1238350.00;7.00
945;734663.00;1238330.00;7.00
946;732280.00;1238100.00;10.00
947;732250.00;1238140.00;10.00
948;732270.00;1238130.00;7.00
949;732231.00;1238210.00;7.00
950;732241.00;1238225.00;7.00
951;732252.00;1238350.00;7.00
952;732242.00;1238350.00;7.00
953;732385.00;1238940.00;7.00
954;732375.00;1238960.00;7.00
955;732025.00;1239000.00;7.00
956;732006.00;1239030.00;7.00
957;731835.00;1239020.00;10.00
958;731845.00;1239030.00;7.00
959;731736.00;1239090.00;7.00
960;731746.00;1239100.00;7.00
961;731456.00;1239220.00;7.00
962;731456.00;1239240.00;7.00
963;733043.00;1236860.00;5.00
964;733033.00;1236880.00;5.00
965;732964.00;1236950.00;5.00
966;733059.00;1237025.00;5.00
967;733069.00;1237040.00;5.00
968;733464.00;1237015.00;3.00
969;733464.00;1237000.00;5.00
970;732206.00;1232570.00;5.00
971;730168.00;1233100.00;15.00
972;730178.00;1233115.00;20.00
973;730617.00;1232970.00;30.00
974;730617.00;1232980.00;20.00
975;730707.00;1232960.00;30.00
976;730697.00;1232950.00;50.00
977;730666.00;1232730.00;20.00
978;730656.00;1232750.00;30.00
979;730654.00;1232520.00;30.00
980;730634.00;1232520.00;20.00
981;730813.00;1232280.00;20.00
982;730813.00;1232270.00;50.00
983;731031.00;1231900.00;50.00
984;731041.00;1231920.00;50.00
985;731335.00;1231660.00;20.00
986;731350.00;1231680.00;70.00
987;731410.00;1231640.00;100.00
988;731420.00;1231660.00;30.00
989;731070.00;1231780.00;50.00
990;731070.00;1231750.00;15.00
991;731050.00;1231700.00;3.00
992;731080.00;1231700.00;20.00
993;731169.00;1231620.00;20.00
994;731159.00;1231620.00;10.00
995;731129.00;1231570.00;10.00
996;731223.00;1231410.00;50.00
997;731248.00;1231410.00;50.00
998;732087.00;1232700.00;30.00
999;732077.00;1232690.00;15.00
1000;732257.00;1232735.00;30.00
1001;732257.00;1232750.00;20.00
1002;731714.00;1232370.00;10.00
1003;731715.00;1232380.00;15.00
1004;731504.00;1232260.00;15.00
1005;731504.00;1232250.00;15.00
1006;732024.00;1232300.00;3.00
1007;732024.00;1232270.00;20.00
1008;732053.00;1232120.00;20.00
1009;732063.00;1232130.00;15.00
1010;732193.00;1232000.00;15.00
1011;732193.00;1231990.00;20.00
1012;732207.00;1231940.00;30.00
1013;732222.00;1231935.00;15.00
1014;734920.00;1236140.00;5.00
1015;734890.00;1236140.00;30.00
1016;734561.00;1236340.00;7.00
1017;734574.00;1236310.00;50.00
1018;734521.00;1236300.00;15.00
1019;734531.00;1236280.00;10.00
1020;734470.00;1236220.00;50.00
1021;734220.00;1236200.00;30.00
1022;734221.00;1236300.00;15.00
1023;734204.00;1236800.00;5.00
1024;734220.00;1236260.00;50.00
1025;734041.00;1236330.00;30.00
1026;734011.00;1236320.00;15.00
1027;733801.00;1236370.00;15.00
1028;733811.00;1236380.00;15.00
1029;733862.00;1236620.00;30.00
1030;734412.00;1236430.00;15.00
1031;734302.00;1236520.00;10.00
1032;734062.00;1236480.00;10.00
1033;734071.00;1236470.00;50.00
1034;734103.00;1236750.00;30.00
1035;734123.00;1236770.00;50.00
1036;733651.00;1236430.00;15.00
1037;733609.00;1237790.00;20.00
1038;733769.00;1237710.00;15.00
1039;733779.00;1237680.00;15.00
1040;733779.00;1237650.00;20.00
1041;733788.00;1237530.00;20.00
1042;733817.00;1237400.00;70.00
1043;734016.00;1237270.00;20.00
1044;733996.00;1237250.00;70.00
1045;733816.00;1237210.00;30.00
1046;733976.00;1237190.00;30.00
1047;735901.00;1237850.00;20.00
1048;735961.00;1237840.00;7.00
1049;735992.00;1237850.00;7.00
1050;735971.00;1237840.00;20.00
1051;736141.00;1237730.00;7.00
1052;736141.00;1237710.00;20.00
1053;736270.00;1237630.00;20.00
1054;736270.00;1237630.00;20.00
1055;736270.00;1237640.00;20.00
1056;734273.00;1238300.00;5.00
1057;734452.00;1238100.00;10.00
1058;734427.00;1238900.00;10.00
1059;734413.00;1238300.00;15.00
1060;734553.00;1238240.00;15.00
1061;734543.00;1238230.00;5.00
1062;735311.00;1239500.00;3.00
1063;735260.00;1239400.00;10.00
1064;735361.00;1239400.00;7.00
1065;735359.00;1239120.00;10.00
1066;735359.00;1239140.00;7.00
1067;735218.00;1238990.00;5.00
1068;735208.00;1238990.00;7.00
1069;735148.00;1238990.00;3.00
1070;735147.00;1238920.00;15.00
1071;735118.00;1238950.00;10.00
1072;736218.00;1237280.00;15.00
1073;735207.00;1237280.00;7.00
1074;734927.00;1237220.00;5.00
1075;734927.00;1237240.00;50.00
1076;734817.00;1237200.00;50.00
1077;734827.00;1237190.00;50.00
1078;737055.00;1238240.00;30.00
1079;736334.00;1238160.00;20.00
1080;736434.00;1238120.00;30.00
1081;736424.00;1238120.00;20.00
1082;733786.00;1237230.00;50.00
1083;733855.00;1237100.00;50.00
1084;733975.00;1237040.00;15.00
1085;770358.00;1235250.00;50.00
1086;770658.00;1235250.00;70.00
1087;769957.00;1235250.00;70.00
1088;769957.00;1235100.00;70.00
1089;769556.00;1235000.00;70.00
1090;769256.00;1235000.00;70.00
1091;766283.00;1239700.00;70.00
1092;736557.00;1238650.00;70.00
1093;766476.00;1238600.00;70.00
1094;766566.00;1236900.00;70.00
1095;766465.00;1236850.00;70.00
1096;766313.00;1236500.00;70.00
1097;766363.00;1236450.00;50.00
1098;760927.00;1239300.00;70.00
1099;760828.00;1239350.00;70.00
1100;761168.00;1237700.00;70.00
1101;761163.00;1236950.00;70.00
1102;760311.00;1220200.00;100.00
1103;760361.00;1220250.00;100.00
1104;760712.00;1220400.00;100.00
1105;760812.00;1220400.00;70.00
1106;766378.00;1222550.00;100.00
1107;766179.00;1222650.00;100.00
1108;731696.00;1212700.00;30.00
1109;731704.00;1214100.00;150.00
1110;730804.00;1214250.00;50.00
1111;730705.00;1214400.00;70.00
1112;732234.00;1235470.00;20.00
1113;731592.00;1235200.00;5.00
1114;730829.00;1234930.00;20.00
1116;730016.00;1234460.00;10.00
1117;730659.00;1234950.00;20.00
1118;730510.00;1235030.00;20.00
1119;730232.00;1235400.00;20.00
1120;730079.00;1235040.00;30.00
1121;777645.00;1216100.00;30.00
1122;777695.00;1216100.00;50.00
1123;777747.00;1216450.00;50.00
1124;777800.00;1216950.00;30.00
1125;777703.00;1217400.00;30.00
1126;778848.00;1216450.00;20.00
1127;778550.00;1216800.00;30.00
1128;778251.00;1217100.00;20.00
1129;778003.00;1217350.00;30.00
1130;777803.00;1217450.00;30.00
1131;777654.00;1217500.00;30.00
1132;777554.00;1217500.00;50.00
1133;777308.00;1218200.00;30.00
1134;777409.00;1218500.00;30.00
1135;777410.00;1218550.00;30.00
1136;777114.00;1219250.00;20.00
1137;777065.00;1219400.00;20.00
1138;777017.00;1219800.00;20.00
1139;777222.00;1220600.00;20.00
1140;777372.00;1220600.00;30.00
1141;774416.00;1219800.00;30.00
1142;774866.00;1219800.00;30.00
1143;773116.00;1219850.00;20.00
1144;773115.00;1219700.00;20.00
1145;775469.00;1220200.00;20.00
1146;775820.00;1220400.00;30.00
1147;776820.00;1220250.00;30.00
1148;776369.00;1220250.00;30.00
1149;776471.00;1220550.00;20.00
1150;777443.00;1224050.00;20.00
1151;777389.00;1223400.00;20.00
1152;777185.00;1222750.00;20.00
1153;776984.00;1222550.00;20.00
1154;777033.00;1222500.00;20.00
1155;777281.00;1222150.00;30.00
1156;777278.00;1221600.00;30.00
1157;777374.00;1220850.00;30.00
1158;778634.00;1222550.00;30.00
1159;778634.00;1222550.00;20.00
1160;778336.00;1222850.00;20.00
1161;778036.00;1222900.00;30.00
1162;777690.00;1223500.00;30.00
1163;779965.00;1219300.00;20.00
1164;780016.00;1219400.00;20.00
1165;781116.00;1219300.00;30.00
1166;781415.00;1219200.00;30.00
1167;780630.00;1221650.00;50.00
1168;780931.00;1221750.00;30.00
1169;781532.00;1222000.00;30.00
1170;784485.00;1222200.00;30.00
1171;784435.00;1222250.00;50.00
1172;783936.00;1222500.00;30.00
1173;783287.00;1222600.00;50.00
1174;782535.00;1222450.00;30.00
1175;784673.00;1228550.00;20.00
1176;784723.00;1228550.00;20.00
1177;785027.00;1229150.00;30.00
1178;785077.00;1229200.00;30.00
1179;785180.00;1229700.00;30.00
1180;785282.00;1229950.00;30.00
1181;785232.00;1230000.00;30.00
1182;785485.00;1230500.00;30.00
1183;786476.00;1228850.00;50.00
1184;786227.00;1229100.00;50.00
1185;785779.00;1229500.00;20.00
1186;784732.00;1230000.00;30.00
1187;784631.00;1229900.00;30.00
1188;784382.00;1229950.00;15.00
1189;785332.00;1229950.00;15.00
1190;785638.00;1231000.00;30.00
1191;785792.00;1231600.00;30.00
1192;785948.00;1232500.00;30.00
1193;727568.00;1233850.00;5.00
1194;727550.00;1233865.00;5.00
1195;727330.00;1233910.00;5.00
1196;727330.00;1233890.00;5.00
1198;727089.00;1233750.00;5.00
1199;727008.00;1233650.00;5.00
1200;726643.00;1234460.00;5.00
1201;726583.00;1234490.00;5.00
1202;726483.00;1234430.00;5.00
1203;726492.00;1234340.00;5.00
1204;726381.00;1234250.00;5.00
1205;726418.00;1235240.00;5.00
1206;726341.00;1234200.00;5.00
1207;726301.00;1234190.00;15.00
1208;726281.00;1234180.00;5.00
1209;726019.00;1233940.00;5.00
1210;726019.00;1233870.00;5.00
1211;725984.00;1233910.00;7.00
1212;725858.00;1233780.00;5.00
1213;725838.00;1233780.00;5.00
1214;725940.00;1233790.00;7.00
1215;725668.00;1233760.00;5.00
1216;725608.00;1233770.00;7.00
1217;725618.00;1233770.00;5.00
1218;725458.00;1233830.00;5.00
1219;725458.00;1233840.00;5.00
1220;724837.00;1233700.00;5.00
1221;724797.00;1233700.00;10.00
1222;725353.00;1234590.00;5.00
1223;725322.00;1234570.00;15.00
1224;725302.00;1234440.00;20.00
1225;725322.00;1234410.00;20.00
1226;725331.00;1234320.00;5.00
1227;725351.00;1234320.00;10.00
1229;726915.00;1236430.00;5.00
1230;726926.00;1236490.00;5.00
1231;727106.00;1236540.00;5.00
1232;727101.00;1236515.00;5.00
1233;726736.00;1231620.00;5.00
1234;726731.00;1231600.00;7.00
1235;726715.00;1231550.00;7.00
1236;726323.00;1231300.00;7.00
1237;726343.00;1231260.00;5.00
1238;725643.00;1231280.00;5.00
1239;726223.00;1231290.00;5.00
1240;726233.00;1231310.00;5.00
1241;726144.00;1231490.00;5.00
1242;726154.00;1231500.00;5.00
1243;726135.00;1231530.00;5.00
1244;726115.00;1231530.00;5.00
1245;725933.00;1231360.00;5.00
1246;725916.00;1231760.00;5.00
1247;725846.00;1231780.00;7.00
1248;725767.00;1231930.00;5.00
1249;725772.00;1231950.00;5.00
1250;725627.00;1232010.00;5.00
1251;725637.00;1232020.00;5.00
1252;725218.00;1231440.00;5.00
1253;725812.00;1231220.00;70.00
1254;725732.00;1231100.00;100.00
1255;725752.00;1231110.00;70.00
1257;725781.00;1230960.00;70.00
1258;725767.00;1231940.00;100.00
1259;725737.00;1231940.00;300.00
1263;726467.00;1231870.00;5.00
1268;726161.00;1232550.00;5.00
1269;726111.00;1232520.00;5.00
1270;725930.00;1232510.00;5.00
1271;725821.00;1232630.00;5.00
1272;725723.00;1231370.00;7.00
1273;725733.00;1231370.00;5.00
1275;725744.00;1231460.00;7.00
1276;725544.00;1231580.00;7.00
1277;725494.00;1231590.00;5.00
1278;725505.00;1231610.00;7.00
1279;725425.00;1231750.00;7.00
1280;725406.00;1231800.00;5.00
1281;725395.00;1231780.00;7.00
1282;725216.00;1231810.00;7.00
1283;725564.00;1231430.00;10.00
1284;725373.00;1231430.00;20.00
1285;725233.00;1231470.00;20.00
1286;725113.00;1231470.00;7.00
1287;725492.00;1231210.00;5.00
1288;725462.00;1231210.00;5.00
1294;725171.00;1231040.00;7.00
1296;726918.00;1230260.00;10.00
1297;726808.00;1230310.00;15.00
1298;726738.00;1230320.00;15.00
1299;726608.00;1230310.00;20.00
1300;726597.00;1230290.00;10.00
1301;726466.00;1230100.00;5.00
1302;726445.00;1229920.00;5.00
1303;726504.00;1229730.00;7.00
1304;726563.00;1229530.00;10.00
1309;726240.00;1230720.00;7.00
1310;726230.00;1230750.00;10.00
1311;726150.00;1230780.00;10.00
1312;726140.00;1230770.00;15.00
1313;725779.00;1230630.00;5.00
1314;725779.00;1230660.00;15.00
1315;725739.00;1230670.00;15.00
1316;725568.00;1230460.00;10.00
1317;725548.00;1230470.00;10.00
1318;725488.00;1230460.00;5.00
1319;725498.00;1230470.00;7.00
1320;725498.00;1230480.00;7.00
1321;725198.00;1230500.00;7.00
1322;725197.00;1230480.00;10.00
1323;724728.00;1230570.00;15.00
1325;726741.00;1230790.00;30.00
1326;727038.00;1230310.00;7.00
1327;727058.00;1230300.00;10.00
1328;727217.00;1230140.00;7.00
1329;727232.00;1230170.00;10.00
1330;727498.00;1230180.00;15.00
1331;727507.00;1230110.00;7.00
1332;727607.00;1230100.00;7.00
1333;727578.00;1230240.00;7.00
1334;727598.00;1230230.00;10.00
1335;727330.00;1237110.00;5.00
1336;727360.00;1237110.00;5.00
1337;727701.00;1237230.00;7.00
1338;727711.00;1237220.00;5.00
1339;725800.00;1234070.00;5.00
1340;725530.00;1234200.00;5.00
1345;727473.00;1236030.00;5.00
1346;727473.00;1236030.00;5.00
1348;727312.00;1235820.00;5.00
1350;726821.00;1235760.00;5.00
1351;726881.00;1235750.00;5.00
1356;726524.00;1234650.00;5.00
1357;726185.00;1234840.00;5.00
1358;726025.00;1234840.00;5.00
1359;726025.00;1234820.00;5.00
1360;725954.00;1234780.00;5.00
1361;725854.00;1234660.00;5.00
1362;725863.00;1234650.00;5.00
1363;725712.00;1234410.00;5.00
1364;728095.00;1236250.00;5.00
1365;728045.00;1236290.00;5.00
1366;728036.00;1236330.00;5.00
1367;727986.00;1236420.00;5.00
1368;727185.00;1236300.00;5.00
1370;727233.00;1236070.00;5.00
1371;728090.00;1237100.00;5.00
1372;728090.00;1237070.00;7.00
1373;728010.00;1237070.00;7.00
1374;728010.00;1237100.00;10.00
1375;727860.00;1237120.00;5.00
1376;727762.00;1234100.00;5.00
1399;727702.00;1234230.00;5.00
1402;726862.00;1234310.00;5.00
1406;726915.00;1234800.00;5.00
1410;726978.00;1235250.00;5.00
1411;727069.00;1235410.00;5.00
1412;727089.00;1235420.00;7.00
1413;726476.00;1233290.00;5.00
1414;726346.00;1233300.00;5.00
1415;726265.00;1233280.00;10.00
1416;726175.00;1233240.00;5.00
1417;726165.00;1233210.00;7.00
1418;725994.00;1233110.00;5.00
1419;726103.00;1232970.00;5.00
1422;726400.00;1235660.00;10.00
1423;729028.00;1236520.00;3.00
1425;729386.00;1236140.00;3.00
1426;729345.00;1236040.00;3.00
1429;729867.00;1235490.00;3.00
1432;728467.00;1231530.00;3.00
1433;728667.00;1231570.00;5.00
1434;728667.00;1231590.00;3.00
1436;728929.00;1231900.00;5.00
1438;729039.00;1231830.00;5.00
1439;729029.00;1231860.00;5.00
1440;729209.00;1231870.00;10.00
1441;729219.00;1231850.00;5.00
1442;729438.00;1231570.00;3.00
1443;729458.00;1231580.00;3.00
1444;729607.00;1231420.00;3.00
1445;729607.00;1231410.00;3.00
1446;729827.00;1231370.00;3.00
1447;728526.00;1231350.00;7.00
1448;728585.00;1231270.00;5.00
1449;728383.00;1231030.00;3.00
1450;728519.00;1230330.00;3.00
1459;728512.00;1237220.00;7.00
1460;728492.00;1237220.00;7.00
1461;728403.00;1237450.00;10.00
1462;728443.00;1237450.00;7.00
1463;728305.00;1237750.00;15.00
1464;728324.00;1237730.00;7.00
1465;728601.00;1237160.00;7.00
1466;728591.00;1237150.00;5.00
1467;728883.00;1237460.00;5.00
1468;728863.00;1237470.00;5.00
1469;728784.00;1237600.00;7.00
1470;728794.00;1237600.00;7.00
1471;728814.00;1237630.00;7.00
1472;728794.00;1237630.00;7.00
1473;728774.00;1237640.00;7.00
1474;728675.00;1237710.00;7.00
1475;728660.00;1237700.00;7.00
1482;729844.00;1239100.00;7.00
1483;729855.00;1239260.00;7.00
1484;729845.00;1239260.00;7.00
1485;729856.00;1239410.00;7.00
1486;729866.00;1239400.00;7.00
1487;728210.00;1232120.00;3.00
1488;728303.00;1231810.00;5.00
1493;729686.00;1236130.00;3.00
1494;729696.00;1236120.00;3.00
1495;729454.00;1235900.00;3.00
1496;729428.00;1233310.00;5.00
1497;728947.00;1233100.00;5.00
1498;728783.00;1233300.00;5.00
1499;728638.00;1233350.00;5.00
1500;728508.00;1233440.00;5.00
1501;728529.00;1233470.00;10.00
1502;728549.00;1233560.00;5.00
1503;728560.00;1233660.00;5.00
1504;728520.00;1233780.00;5.00
1505;728421.00;1233940.00;5.00
1506;728333.00;1234150.00;5.00
1510;728670.00;1236920.00;50.00
1511;729487.00;1237920.00;10.00
1512;729437.00;1237935.00;5.00
1513;729417.00;1237970.00;15.00
1514;729338.00;1238105.00;5.00
1515;729338.00;1238140.00;10.00
1516;729190.00;1238570.00;15.00
1517;729302.00;1238750.00;20.00
1518;729252.00;1238740.00;10.00
1519;728639.00;1231920.00;3.00
1520;728619.00;1231940.00;5.00
1521;728491.00;1232290.00;3.00
1522;728511.00;1232320.00;5.00
1523;728664.00;1232750.00;5.00
1526;729174.00;1232680.00;3.00
1527;729214.00;1232570.00;10.00
1529;728742.00;1232340.00;5.00
1532;729032.00;1232340.00;3.00
1533;729032.00;1232320.00;3.00
1534;729092.00;1232260.00;3.00
1536;728730.00;1232000.00;10.00
1538;728829.00;1231950.00;50.00
1539;728830.00;1231980.00;3.00
1540;729051.00;1232130.00;3.00
1541;729071.00;1232135.00;3.00
1542;729948.00;1233240.00;50.00
1544;729775.00;1234390.00;7.00
1545;729725.00;1234390.00;5.00
1546;729595.00;1234450.00;7.00
1547;729555.00;1234450.00;5.00
1548;729456.00;1234540.00;5.00
1555;729465.00;1234370.00;5.00
1557;729929.00;1235050.00;20.00
1558;729929.00;1235060.00;30.00
1559;729890.00;1235110.00;20.00
1560;729890.00;1235130.00;20.00
1561;729860.00;1235190.00;30.00
1564;728331.00;1237110.00;3.00
1565;728301.00;1237120.00;3.00
1566;728301.00;1237150.00;7.00
1567;728417.00;1236450.00;3.00
1568;728397.00;1236450.00;3.00
1570;728371.00;1236390.00;3.00
1572;728321.00;1236300.00;3.00
1573;728325.00;1236140.00;3.00
1576;799524.00;1244100.00;100.00
1577;801404.00;1244100.00;100.00
1578;801998.00;1243150.00;100.00
1579;801463.00;1242400.00;70.00
1580;800895.00;1247450.00;100.00
1581;800885.00;1247500.00;70.00
1582;801485.00;1244250.00;100.00
1583;802343.00;1247100.00;30.00
1584;799271.00;1248500.00;30.00
1585;796349.00;1248300.00;50.00
1586;794379.00;1250050.00;30.00
1587;794509.00;1249950.00;30.00
1588;794268.00;1251500.00;50.00
1589;794589.00;1251600.00;30.00
1590;795640.00;1251750.00;30.00
1591;793953.00;1252300.00;30.00
1592;793893.00;1252250.00;20.00
1593;792942.00;1253750.00;20.00
1594;793019.00;1253300.00;20.00
1595;792877.00;1253050.00;20.00
1596;793223.00;1252400.00;20.00
1597;792006.00;1254500.00;15.00
1598;792186.00;1254500.00;15.00
1599;794021.00;1253500.00;20.00
1600;794131.00;1253500.00;10.00
1601;797317.00;1265450.00;30.00
1602;796591.00;1264500.00;10.00
1603;796598.00;1264100.00;20.00
1604;797510.00;1265900.00;15.00
1605;797513.00;1266300.00;30.00
1606;797410.00;1264250.00;20.00
1607;798116.00;1266750.00;20.00
1608;797927.00;1266900.00;20.00
1609;796660.00;1240400.00;50.00
1610;797302.00;1240700.00;50.00
1611;792449.00;1240500.00;150.00
1612;797014.00;1242600.00;50.00
1613;796913.00;1242600.00;100.00
1614;797224.00;1244250.00;150.00
1615;797164.00;1244250.00;70.00
1616;796652.00;1245650.00;50.00
1617;796383.00;1245800.00;30.00
1618;796462.00;1245650.00;50.00
1619;798122.00;1251900.00;50.00
1620;796119.00;1251500.00;30.00
1621;796070.00;1251650.00;30.00
1622;798222.00;1251900.00;50.00
1623;797632.00;1253480.00;30.00
1624;797732.00;1253550.00;70.00
1625;796498.00;1256100.00;100.00
1626;796529.00;1256300.00;5.00
1627;797453.00;1256900.00;70.00
1628;796757.00;1257600.00;20.00
1629;797911.00;1258100.00;100.00
1630;796815.00;1258800.00;100.00
1631;796765.00;1258850.00;50.00
1632;795163.00;1258500.00;30.00
1633;794981.00;1259900.00;50.00
1634;794322.00;1260000.00;70.00
1635;795172.00;1259980.00;30.00
1636;797229.00;1260950.00;70.00
1637;797230.00;1261100.00;50.00
1638;794350.00;1264400.00;100.00
1639;794303.00;1264850.00;50.00
1640;794605.00;1265150.00;150.00
1641;793765.00;1266750.00;50.00
1642;793686.00;1267050.00;50.00
1643;795771.00;1267700.00;50.00
1644;796833.00;1268000.00;50.00
1645;797323.00;1267850.00;50.00
1646;797372.00;1267700.00;30.00
1647;790497.00;1259400.00;30.00
1648;790496.00;1259300.00;30.00
1649;790938.00;1259600.00;50.00
1650;790917.00;1259350.00;20.00
1651;790968.00;1259600.00;10.00
1652;795580.00;1240550.00;100.00
1653;795540.00;1240450.00;50.00
1654;794281.00;1240650.00;50.00
1655;794100.00;1240600.00;30.00
1656;794122.00;1240850.00;30.00
1657;794274.00;1241200.00;50.00
1658;794325.00;1241350.00;70.00
1659;799808.00;1241650.00;50.00
1660;798657.00;1241500.00;200.00
1661;798568.00;1241600.00;50.00
1662;793175.00;1268450.00;30.00
1663;792104.00;1269850.00;50.00
1664;792263.00;1266550.00;30.00
1665;792290.00;1266150.00;30.00
1666;791336.00;1265500.00;30.00
1667;791355.00;1265350.00;30.00
1668;798323.00;1269500.00;50.00
1669;801702.00;1269150.00;50.00
1670;796498.00;1268750.00;70.00
1671;796398.00;1268700.00;30.00
1672;795428.00;1268800.00;30.00
1673;797372.00;1267700.00;30.00
1674;795201.00;1269300.00;50.00
1675;794721.00;1269200.00;50.00
1676;793282.00;1269550.00;50.00
1677;793161.00;1269400.00;30.00
1678;793107.00;1241700.00;50.00
1679;791357.00;1241870.00;20.00
1680;791001.00;1240950.00;30.00
1681;793403.00;1241060.00;20.00
1682;793309.00;1241970.00;20.00
1683;792910.00;1242300.00;50.00
1684;792266.00;1243260.00;30.00
1685;792396.00;1243200.00;50.00
1686;791070.00;1244000.00;50.00
1687;790374.00;1244640.00;50.00
1688;790444.00;1244600.00;30.00
1689;792322.00;1244140.00;30.00
1690;793074.00;1244400.00;50.00
1691;792974.00;1244450.00;30.00
1692;793284.00;1246100.00;50.00
1693;797206.00;1249360.00;30.00
1694;800067.00;1251030.00;30.00
1695;800013.00;1250400.00;50.00
1696;799907.00;1249440.00;50.00
1697;800307.00;1249450.00;30.00
1698;799814.00;1250600.00;30.00
1699;802015.00;1250660.00;40.00
1700;801965.00;1250680.00;40.00
1701;803316.00;1250700.00;30.00
1702;798444.00;1252220.00;50.00
1703;799535.00;1253920.00;50.00
1704;799584.00;1253840.00;50.00
1705;799892.00;1255050.00;50.00
1706;798471.00;1251800.00;30.00
1707;802944.00;1252040.00;50.00
1708;803228.00;1252700.00;50.00
1709;803003.00;1256730.00;100.00
1710;803071.00;1259550.00;20.00
1711;802090.00;1259400.00;50.00
1712;801321.00;1259500.00;50.00
1713;801220.00;1259480.00;50.00
1714;801270.00;1259400.00;50.00
1715;800191.00;1259580.00;50.00
1716;799967.00;1258980.00;50.00
1717;800117.00;1258960.00;100.00
1718;799874.00;1260120.00;30.00
1719;799729.00;1260950.00;30.00
1720;799930.00;1261070.00;30.00
1721;800088.00;1262280.00;30.00
1722;800082.00;1264540.00;10.00
1723;801559.00;1265500.00;30.00
1724;801419.00;1267170.00;30.00
1725;801920.00;1267200.00;30.00
1726;802324.00;1267800.00;30.00
1727;802975.00;1267930.00;30.00
1728;803005.00;1267980.00;30.00
1729;801421.00;1267380.00;30.00
1730;800801.00;1267450.00;30.00
1731;792975.00;1268400.00;30.00
1732;790552.00;1249180.00;50.00
1733;790652.00;1249140.00;50.00
1734;793713.00;1266520.00;50.00
1735;793208.00;1265750.00;50.00
1736;792703.00;1265050.00;50.00
1737;798876.00;1271450.00;50.00
1738;798868.00;1271700.00;100.00
1739;797259.00;1273580.00;70.00
1740;797260.00;1273700.00;100.00
1741;796257.00;1273200.00;70.00
1742;795458.00;1273450.00;50.00
1743;795458.00;1273500.00;50.00
1744;794796.00;1274750.00;50.00
1745;794715.00;1274600.00;50.00
1746;800603.00;1272430.00;100.00
1747;800889.00;1273380.00;50.00
1748;801145.00;1274300.00;50.00
1749;795549.00;1279700.00;70.00
1750;794197.00;1279550.00;70.00
1751;794196.00;1279350.00;70.00
1752;792790.00;1278500.00;50.00
1753;792788.00;1278250.00;50.00
1754;795044.00;1279000.00;70.00
1755;793782.00;1277260.00;50.00
1756;796599.00;1279800.00;50.00
1757;793348.00;1279750.00;50.00
1758;797048.00;1279500.00;70.00
1759;797098.00;1279550.00;70.00
1760;797395.00;1279150.00;100.00
1761;797396.00;1279160.00;50.00
1762;798307.00;1279360.00;70.00
1763;799497.00;1279350.00;50.00
1764;800850.00;1279680.00;50.00
1765;800950.00;1279650.00;30.00
1766;800992.00;1278500.00;50.00
1767;800991.00;1278250.00;30.00
1768;800820.00;1278100.00;50.00
1769;793398.00;1279750.00;50.00
1770;799401.00;1272180.00;20.00
1771;800522.00;1272230.00;30.00
1772;795662.00;1274130.00;50.00
1773;795667.00;1274800.00;50.00
1774;798674.00;1275720.00;70.00
1775;799457.00;1273180.00;50.00
1776;798863.00;1274050.00;70.00
1777;799568.00;1274870.00;50.00
1778;799648.00;1274800.00;70.00
1779;792085.00;1270050.00;30.00
1780;791789.00;1270600.00;30.00
1781;792243.00;1271200.00;30.00
1782;743105.00;1261500.00;70.00
1783;742905.00;1261600.00;50.00
1784;742897.00;1260300.00;30.00
1785;742948.00;1260450.00;15.00
1786;743968.00;1255560.00;50.00
1787;743966.00;1255200.00;20.00
1788;744060.00;1254380.00;15.00
1789;743912.00;1253120.00;100.00
1790;747126.00;1256520.00;15.00
1791;747177.00;1256720.00;30.00
1792;731712.00;1240090.00;7.00
1793;731732.00;1240065.00;7.00
1794;731762.00;1240110.00;7.00
1795;731782.00;1240100.00;7.00
1796;731822.00;1240130.00;7.00
1797;731833.00;1240250.00;7.00
1798;731813.00;1240260.00;7.00
1799;731774.00;1240360.00;7.00
1800;731764.00;1240390.00;7.00
1801;731614.00;1240500.00;7.00
1802;731625.00;1240560.00;11.00
1803;731605.00;1240550.00;5.00
1804;731495.00;1240590.00;7.00
1805;731525.00;1240590.00;7.00
1806;731375.00;1240720.00;7.00
1807;731386.00;1240720.00;7.00
1808;731406.00;1240850.00;7.00
1809;731376.00;1240880.00;7.00
1810;731397.00;1240890.00;7.00
1811;731257.00;1240930.00;5.00
1812;731277.00;1240950.00;5.00
1813;731188.00;1241160.00;7.00
1814;731158.00;1241160.00;7.00
1815;731028.00;1241110.00;7.00
1816;731018.00;1241130.00;7.00
1817;731979.00;1241170.00;7.00
1818;730998.00;1241130.00;7.00
1819;730969.00;1241290.00;7.00
1820;730974.00;1241300.00;7.00
1821;730949.00;1241320.00;7.00
1822;730959.00;1241340.00;7.00
1823;732191.00;1249540.00;5.00
1824;732192.00;1249700.00;7.00
1825;732274.00;1250060.00;7.00
1826;732476.00;1250240.00;7.00
1827;732506.00;1250300.00;7.00
1828;732288.00;1250630.00;7.00
1829;732669.00;1250730.00;7.00
1830;732480.00;1250990.00;7.00
1831;732474.00;1251620.00;7.00
1832;732444.00;1251660.00;7.00
1833;732060.00;1250920.00;7.00
1834;732077.00;1252080.00;7.00
1835;732309.00;1252320.00;7.00
1836;734856.00;1254740.00;7.00
1837;734886.00;1254780.00;3.00
1838;735127.00;1254940.00;5.00
1839;735339.00;1255230.00;5.00
1840;736854.00;1254150.00;7.00
1841;736924.00;1254190.00;7.00
1842;738424.00;1258800.00;7.00
1843;738485.00;1258860.00;7.00
1844;738567.00;1259160.00;7.00
1845;738428.00;1259410.00;7.00
1846;738560.00;1259760.00;7.00
1847;738632.00;1259980.00;7.00
1848;738633.00;1260170.00;7.00
1849;738633.00;1260240.00;7.00
1850;737916.00;1263870.00;7.00
1851;737604.00;1246100.00;7.00
1852;737618.00;1264290.00;7.00
1853;737619.00;1264400.00;7.00
1854;737660.00;1264480.00;7.00
1855;737771.00;1264730.00;7.00
1856;737843.00;1264920.00;7.00
1857;737863.00;1265000.00;7.00
1858;737726.00;1265400.00;7.00
1859;737987.00;1265540.00;10.00
1860;738169.00;1265950.00;10.00
1861;738050.00;1266080.00;7.00
1862;737350.00;1266200.00;7.00
1863;737111.00;1266400.00;5.00
1864;737062.00;1266490.00;7.00
1865;737092.00;1266550.00;7.00
1866;737173.00;1266700.00;3.00
1867;737396.00;1267090.00;7.00
1868;737309.00;1267620.00;7.00
1869;737771.00;1267780.00;7.00
1870;737799.00;1269780.00;7.00
1871;731194.00;1248500.00;7.00
1872;731274.00;1248500.00;7.00
1873;731786.00;1248830.00;5.00
1874;731837.00;1248920.00;5.00
1875;731868.00;1249040.00;7.00
1876;732079.00;1249290.00;5.00
1877;732442.00;1252840.00;5.00
1878;732904.00;1253080.00;5.00
1879;733034.00;1253080.00;3.00
1880;733445.00;1253200.00;3.00
1881;733665.00;1253130.00;7.00
1882;733704.00;1253040.00;5.00
1883;733888.00;1253670.00;5.00
1884;734019.00;1253800.00;5.00
1885;734312.00;1254180.00;5.00
1886;734414.00;1254580.00;5.00
1887;736977.00;1254720.00;5.00
1888;736889.00;1255040.00;5.00
1889;736861.00;1255280.00;3.00
1890;737205.00;1255930.00;7.00
1891;736915.00;1256000.00;5.00
1892;737238.00;1256400.00;5.00
1893;737449.00;1256480.00;3.00
1894;737570.00;1256610.00;3.00
1895;737940.00;1256650.00;3.00
1896;738152.00;1256960.00;3.00
1897;737854.00;1257200.00;5.00
1898;738005.00;1257420.00;7.00
1899;737968.00;1257880.00;5.00
1900;737999.00;1258030.00;5.00
1901;738709.00;1261060.00;5.00
1902;738870.00;1261220.00;7.00
1903;738883.00;1261640.00;7.00
1904;739285.00;1261980.00;5.00
1905;739345.00;1262030.00;5.00
1906;738750.00;1262770.00;5.00
1907;738498.00;1262530.00;5.00
1908;738410.00;1262880.00;7.00
1909;737969.00;1262800.00;7.00
1910;737749.00;1262740.00;5.00
1911;737470.00;1262910.00;5.00
1912;737451.00;1263210.00;5.00
1913;738004.00;1268200.00;5.00
1914;738267.00;1268680.00;10.00
1915;738358.00;1268760.00;3.00
1916;738580.00;1269140.00;7.00
1917;738753.00;1269540.00;10.00
1918;737529.00;1270600.00;7.00
1919;738146.00;1270160.00;5.00
1920;737478.00;1270520.00;5.00
1921;738962.00;1270980.00;5.00
1922;739188.00;1271840.00;5.00
1923;739329.00;1272050.00;5.00
1924;739073.00;1272560.00;7.00
1925;781145.00;1248500.00;30.00
1926;781750.00;1249350.00;30.00
1927;781830.00;1249300.00;30.00
1928;782457.00;1250400.00;50.00
1929;782811.00;1251000.00;30.00
1930;782810.00;1250870.00;30.00
1931;784561.00;1250950.00;20.00
1932;782844.00;1251420.00;30.00
1933;782944.00;1251450.00;30.00
1934;785930.00;1258600.00;40.00
1935;787609.00;1258400.00;30.00
1936;784349.00;1257020.00;30.00
1937;784350.00;1257050.00;50.00
1938;785300.00;1257100.00;30.00
1939;788141.00;1255400.00;30.00
1940;788143.00;1255820.00;30.00
1941;788090.00;1255350.00;20.00
1942;786425.00;1254550.00;30.00
1943;784367.00;1255050.00;40.00
1944;785799.00;1253720.00;30.00
1945;785678.00;1253600.00;30.00
1946;786325.00;1253080.00;30.00
1947;786976.00;1253120.00;40.00
1948;787077.00;1253230.00;40.00
1949;780688.00;1255400.00;50.00
1950;780687.00;1255300.00;50.00
1951;782085.00;1254800.00;40.00
1952;782725.00;1254780.00;30.00
1953;782724.00;1254600.00;50.00
1954;782781.00;1254150.00;50.00
1955;782927.00;1253600.00;50.00
1956;782978.00;1253660.00;70.00
1957;787803.00;1265280.00;30.00
1958;787933.00;1265220.00;50.00
1959;787674.00;1263900.00;40.00
1960;787439.00;1263050.00;50.00
1961;787389.00;1263100.00;50.00
1962;786880.00;1261650.00;50.00
1963;786880.00;1261750.00;50.00
1964;785723.00;1260720.00;50.00
1965;785653.00;1260620.00;50.00
1966;785871.00;1260400.00;50.00
1967;785241.00;1258800.00;50.00
1968;785311.00;1258800.00;50.00
1969;784155.00;1257850.00;50.00
1970;784103.00;1257600.00;40.00
1971;778334.00;1254920.00;50.00
1972;778383.00;1254800.00;30.00
1973;778184.00;1254900.00;50.00
1974;778605.00;1258300.00;50.00
1975;784630.00;1249200.00;30.00
1976;785198.00;1248820.00;30.00
1977;786700.00;1249000.00;20.00
1978;786972.00;1249240.00;50.00
1979;787955.00;1249660.00;20.00
1980;786897.00;1248500.00;50.00
1981;781635.00;1246860.00;50.00
1982;783239.00;1247400.00;30.00
1983;784197.00;1247120.00;30.00
1984;784258.00;1247200.00;30.00
1985;784032.00;1246300.00;30.00
1986;785036.00;1246800.00;30.00
1987;786042.00;1244480.00;30.00
1988;787383.00;1246200.00;30.00
1989;786096.00;1246800.00;30.00
1990;781024.00;1248380.00;30.00
1991;780929.00;1246040.00;30.00
1992;780534.00;1246880.00;20.00
1993;780086.00;1245600.00;50.00
1994;780206.00;1245600.00;30.00
1995;780124.00;1245300.00;20.00
1996;779426.00;1245700.00;50.00
1997;783698.00;1248850.00;30.00
1998;774534.00;1255300.00;50.00
1999;777030.00;1254400.00;30.00
2000;777080.00;1254420.00;30.00
2001;777676.00;1253780.00;30.00
2002;777820.00;1252700.00;30.00
2003;777914.00;1251800.00;30.00
2004;776902.00;1254760.00;30.00
2005;781148.00;1256920.00;50.00
2006;781096.00;1256680.00;50.00
2007;782113.00;1259300.00;30.00
2008;777943.00;1256380.00;20.00
2009;776234.00;1255180.00;20.00
2010;775534.00;1255210.00;20.00
2011;783721.00;1257250.00;20.00
2012;782260.00;1266620.00;20.00
2013;769233.00;1268100.00;100.00
2014;769289.00;1256450.00;30.00
2015;769908.00;1259350.00;50.00
2016;770057.00;1259250.00;50.00
2017;770058.00;1259350.00;50.00
2018;771907.00;1243150.00;30.00
2019;771907.00;1243200.00;30.00
2020;771462.00;1242320.00;30.00
2021;771462.00;1242380.00;50.00
2022;771119.00;1241880.00;50.00
2023;767626.00;1246500.00;20.00
2024;768324.00;1246100.00;20.00
2025;768673.00;1245900.00;30.00
2026;769418.00;1245150.00;30.00
2027;769368.00;1245130.00;30.00
2028;765238.00;1240600.00;50.00
2029;764891.00;1241200.00;50.00
2030;764841.00;1241100.00;30.00
2031;772464.00;1244250.00;50.00
2032;772514.00;1244220.00;30.00
2033;763824.00;1241650.00;30.00
2034;763066.00;1243700.00;50.00
2035;763206.00;1243700.00;50.00
2036;762457.00;1242300.00;50.00
2037;761341.00;1241500.00;30.00
2038;761239.00;1241200.00;30.00
2039;761186.00;1240680.00;30.00
2040;761354.00;1241950.00;50.00
2041;772568.00;1244800.00;50.00
2042;771817.00;1244800.00;30.00
2043;771550.00;1245200.00;50.00
2044;771147.00;1241500.00;50.00
2045;771147.00;1241550.00;50.00
2046;771456.00;1251050.00;30.00
2047;771004.00;1250750.00;30.00
2048;771104.00;1250650.00;30.00
2049;770438.00;1248150.00;30.00
2050;770643.00;1252250.00;50.00
2051;767856.00;1251380.00;50.00
2052;766706.00;1254650.00;70.00
2053;767338.00;1253330.00;50.00
2054;766298.00;1254900.00;50.00
2055;765565.00;1253000.00;50.00
2056;765156.00;1251600.00;50.00
2057;765178.00;1251850.00;50.00
2058;764013.00;1255900.00;50.00
2059;764845.00;1257700.00;50.00
2060;764825.00;1257750.00;50.00
2061;765054.00;1259100.00;50.00
2062;760414.00;1253300.00;50.00
2063;760657.00;1252050.00;50.00
2064;761948.00;1250500.00;20.00
2065;771108.00;1251400.00;50.00
2066;771012.00;1251950.00;50.00
2067;763631.00;1255630.00;50.00
2068;763570.00;1253970.00;50.00
2069;762345.00;1258000.00;50.00
2070;760067.00;1250500.00;50.00
2071;759997.00;1250550.00;30.00
2072;760556.00;1251950.00;50.00
2073;762094.00;1249950.00;50.00
2074;763040.00;1249100.00;50.00
2075;761986.00;1248700.00;30.00
2076;760411.00;1247900.00;30.00
2077;761972.00;1254350.00;50.00
2078;775534.00;1255150.00;30.00
2079;775376.00;1253850.00;20.00
2080;775455.00;1253800.00;20.00
2081;777656.00;1253800.00;15.00
2082;779721.00;1252730.00;20.00
2083;779670.00;1252650.00;30.00
2084;780313.00;1256250.00;30.00
2085;780273.00;1256250.00;30.00
2086;779320.00;1257400.00;30.00
2087;775091.00;1256380.00;30.00
2088;775141.00;1256300.00;30.00
2089;774389.00;1256080.00;30.00
2090;779088.00;1255550.00;30.00
2091;774972.00;1256400.00;30.00
2092;780637.00;1255220.00;30.00
2093;767195.00;1241570.00;50.00
2094;765959.00;1242280.00;30.00
2095;764736.00;1242000.00;50.00
2096;764761.00;1242800.00;30.00
2097;768733.00;1249180.00;50.00
2098;768743.00;1249120.00;50.00
2099;768582.00;1247480.00;50.00
2100;764233.00;1244700.00;30.00
2101;764031.00;1244420.00;30.00
2102;764118.00;1245530.00;50.00
2103;763107.00;1245400.00;30.00
2104;762946.00;1245300.00;30.00
2105;763018.00;1245680.00;50.00
2106;761834.00;1245160.00;50.00
2107;761893.00;1245000.00;50.00
2108;764103.00;1243200.00;50.00
2109;762405.00;1246900.00;30.00
2110;762656.00;1246950.00;50.00
2111;762707.00;1247050.00;50.00
2112;760211.00;1252750.00;50.00
2113;759208.00;1252450.00;20.00
2114;759056.00;1252050.00;50.00
2115;773222.00;1245500.00;30.00
2116;772703.00;1247240.00;30.00
2117;772702.00;1247120.00;30.00
2118;785898.00;1240750.00;30.00
2119;784423.00;1240780.00;30.00
2120;784373.00;1240780.00;30.00
2121;784709.00;1242575.00;20.00
2122;784629.00;1242600.00;30.00
2123;781631.00;1243875.00;30.00
2124;787222.00;1241260.00;20.00
2125;780881.00;1246300.00;30.00
2126;782671.00;1240525.00;20.00
2127;779796.00;1240750.00;30.00
2128;782350.00;1241300.00;30.00
2129;781654.00;1241925.00;20.00
2130;781654.00;1241850.00;20.00
2131;780854.00;1241950.00;30.00
2132;779778.00;1241950.00;30.00
2133;779758.00;1242660.00;20.00
2134;778665.00;1243875.00;20.00
2135;776397.00;1245223.00;30.00
2136;777297.00;1245125.00;30.00
2137;777150.00;1245700.00;20.00
2138;775482.00;1246800.00;20.00
2139;776146.00;1246650.00;20.00
2140;774762.00;1247680.00;30.00
2141;773773.00;1249600.00;30.00
2142;773770.00;1249070.00;30.00
2143;774638.00;1247925.00;20.00
2144;774626.00;1246000.00;20.00
2145;780124.00;1245300.00;30.00
2146;777943.00;1248475.00;30.00
2147;778095.00;1248725.00;20.00
2148;777208.00;1247650.00;30.00
2149;775426.00;1249875.00;20.00
2150;777203.00;1242150.00;50.00
2151;776311.00;1243375.00;30.00
2152;775171.00;1245125.00;50.00
2153;773648.00;1241600.00;30.00
2154;777350.00;1241500.00;30.00
2155;773666.00;1240350.00;30.00
2156;759826.00;1255150.00;30.00
2157;759851.00;1255175.00;30.00
2159;773103.00;1250450.00;50.00
2160;774862.00;1251750.00;30.00
2161;774912.00;1251700.00;30.00
2162;771209.00;1251500.00;30.00
2163;772514.00;1252180.00;50.00
2164;772474.00;1252180.00;50.00
2165;770826.00;1254300.00;30.00
2166;772227.00;1254260.00;50.00
2167;771141.00;1255100.00;50.00
2168;772792.00;1256700.00;30.00
2169;773348.00;1257580.00;30.00
2170;773198.00;1257600.00;30.00
2171;772705.00;1258700.00;30.00
2172;772555.00;1258700.00;30.00
2173;772440.00;1256300.00;50.00
2174;771491.00;1256650.00;20.00
2175;770683.00;1255450.00;20.00
2176;778651.00;1257650.00;30.00
2177;778501.00;1257600.00;50.00
2178;767856.00;1259250.00;30.00
2179;767856.00;1259300.00;30.00
2180;768233.00;1255650.00;30.00
2181;773701.00;1257950.00;50.00
2182;774252.00;1258150.00;30.00
2183;774304.00;1258350.00;30.00
2184;774384.00;1258350.00;30.00
2185;774855.00;1258550.00;30.00
2186;775107.00;1258900.00;30.00
2187;775658.00;1258950.00;30.00
2188;776757.00;1258700.00;30.00
2189;776808.00;1258800.00;30.00
2190;776459.00;1259080.00;30.00
2191;759144.00;1258200.00;30.00
2192;759195.00;1258230.00;30.00
2193;760456.00;1259950.00;50.00
2194;759714.00;1253300.00;30.00
2195;759515.00;1253500.00;30.00
2196;783895.00;1268920.00;200.00
2197;783874.00;1268840.00;50.00
2198;784262.00;1266910.00;150.00
2199;784220.00;1266620.00;70.00
2200;783736.00;1266000.00;70.00
2201;784767.00;1264450.00;150.00
2202;782375.00;1264340.00;150.00
2203;781742.00;1263830.00;150.00
2204;781820.00;1263600.00;150.00
2205;782155.00;1262840.00;100.00
2206;782175.00;1264380.00;150.00
2207;778712.00;1268860.00;150.00
2208;778713.00;1268920.00;200.00
2209;776893.00;1268340.00;200.00
2210;776908.00;1268320.00;150.00
2211;776213.00;1267510.00;100.00
2212;777913.00;1262700.00;100.00
2213;777433.00;1262760.00;200.00
2214;778275.00;1263100.00;200.00
2215;773568.00;1263800.00;300.00
2216;773567.00;1263740.00;150.00
2217;775004.00;1264640.00;150.00
2218;775368.00;1265310.00;200.00
2219;775242.00;1264350.00;200.00
2220;765339.00;1264580.00;150.00
2221;765318.00;1264560.00;150.00
2222;767951.00;1263180.00;150.00
2223;768011.00;1263230.00;150.00
2224;767552.00;1263380.00;150.00
2225;770645.00;1265160.00;150.00
2226;771607.00;1267000.00;70.00
2227;771858.00;1268480.00;100.00
2228;772378.00;1268700.00;150.00
2229;771869.00;1268800.00;150.00
2230;761544.00;1265820.00;50.00
2231;761504.00;1265780.00;100.00
2232;761815.00;1267500.00;150.00
2233;761272.00;1270150.00;100.00
2234;778331.00;1270180.00;100.00
2235;777895.00;1263000.00;70.00
2236;774387.00;1268300.00;70.00
2237;763598.00;1261510.00;150.00
2238;762819.00;1261730.00;150.00
2239;761689.00;1261820.00;100.00
2240;758528.00;1260320.00;50.00
2241;768290.00;1256700.00;200.00
2242;788076.00;1268900.00;30.00
2243;786322.00;1268350.00;50.00
2244;786223.00;1268400.00;50.00
2245;784263.00;1267100.00;30.00
2246;784113.00;1267100.00;100.00
2247;779257.00;1266400.00;100.00
2248;779207.00;1266450.00;100.00
2249;777501.00;1265650.00;70.00
2250;776747.00;1265000.00;100.00
2251;781869.00;1260200.00;70.00
2252;780429.00;1261900.00;100.00
2253;780379.00;1261900.00;100.00
2254;780532.00;1262400.00;100.00
2255;779235.00;1262900.00;100.00
2256;783458.00;1266250.00;100.00
2257;783102.00;1265400.00;100.00
2258;775641.00;1264150.00;100.00
2259;773529.00;1262450.00;70.00
2260;775058.00;1266900.00;200.00
2261;774213.00;1267750.00;100.00
2262;765408.00;1267600.00;30.00
2263;768307.00;1267250.00;200.00
2264;768407.00;1267250.00;150.00
2265;767567.00;1268900.00;150.00
2266;763607.00;1267650.00;100.00
2267;765111.00;1268100.00;100.00
2268;765062.00;1268350.00;100.00
2269;781841.00;1263700.00;150.00
2270;775407.00;1266700.00;100.00
2271;759484.00;1264350.00;30.00
2272;761369.00;1261800.00;50.00
2273;772222.00;1261500.00;100.00
2274;772915.00;1260250.00;150.00
2275;769665.00;1268300.00;50.00
2276;769683.00;1271150.00;150.00
2277;767657.00;1275100.00;100.00
2278;767707.00;1275100.00;100.00
2279;768111.00;1275700.00;100.00
2280;769016.00;1276400.00;150.00
2281;766899.00;1273850.00;150.00
2282;766849.00;1273850.00;150.00
2283;766238.00;1272300.00;100.00
2284;766288.00;1272300.00;100.00
2285;765176.00;1270500.00;100.00
2286;764976.00;1270500.00;20.00
2287;764368.00;1277000.00;150.00
2288;764218.00;1277000.00;150.00
2289;763758.00;1275600.00;100.00
2290;763602.00;1274600.00;100.00
2291;763701.00;1274500.00;150.00
2292;762291.00;1273050.00;150.00
2293;762191.00;1273080.00;100.00
2294;761403.00;1274950.00;100.00
2295;761302.00;1274900.00;100.00
2296;761109.00;1276000.00;50.00
2297;760960.00;1276100.00;150.00
2298;761681.00;1271500.00;100.00
2299;761630.00;1271450.00;30.00
2300;760086.00;1272400.00;30.00
2301;761988.00;1272600.00;150.00
2302;761888.00;1272550.00;30.00
2303;785934.00;1268670.00;30.00
2304;785173.00;1274820.00;50.00
2305;784206.00;1273760.00;70.00
2306;784457.00;1273880.00;70.00
2307;784717.00;1273880.00;70.00
2308;783535.00;1274320.00;100.00
2309;783511.00;1274560.00;50.00
2310;779028.00;1272800.00;50.00
2311;779989.00;1271430.00;50.00
2312;778310.00;1272460.00;100.00
2313;775046.00;1271200.00;70.00
2314;772587.00;1276240.00;150.00
2315;772253.00;1274040.00;70.00
2316;772032.00;1273950.00;70.00
2317;772725.00;1272820.00;100.00
2318;769723.00;1271130.00;150.00
2319;769683.00;1271180.00;70.00
2320;769351.00;1272410.00;70.00
2321;769619.00;1270500.00;70.00
2322;777085.00;1271000.00;70.00
2323;773828.00;1271600.00;70.00
2324;779531.00;1273210.00;70.00
2325;783940.00;1269650.00;50.00
2326;784025.00;1270500.00;50.00
2327;784088.00;1271000.00;50.00
2328;783945.00;1270560.00;100.00
2329;783945.00;1270560.00;100.00
2330;783638.00;1278650.00;70.00
2331;784533.00;1277900.00;30.00
2332;784480.00;1277450.00;70.00
2333;783688.00;1278750.00;70.00
2334;781634.00;1278200.00;100.00
2335;780828.00;1277300.00;70.00
2336;780326.00;1277100.00;100.00
2337;780823.00;1276650.00;70.00
2338;781342.00;1279400.00;150.00
2339;780837.00;1278750.00;70.00
2340;780778.00;1277400.00;100.00
2341;779214.00;1275250.00;100.00
2342;778665.00;1275550.00;70.00
2343;777157.00;1274400.00;100.00
2344;779221.00;1276300.00;100.00
2345;776449.00;1273200.00;50.00
2346;773888.00;1271650.00;100.00
2347;776670.00;1276450.00;100.00
2348;776570.00;1276350.00;200.00
2349;775674.00;1277100.00;200.00
2350;776665.00;1275550.00;100.00
2351;775109.00;1274800.00;200.00
2352;767254.00;1249500.00;30.00
2353;758108.00;1249280.00;100.00
2354;757814.00;1248740.00;100.00
2355;757687.00;1249130.00;70.00
2356;758172.00;1245120.00;300.00
2357;755687.00;1244570.00;100.00
2358;755868.00;1244660.00;300.00
2359;755215.00;1244300.00;50.00
2360;754648.00;1244920.00;100.00
2361;754688.00;1244810.00;70.00
2362;753292.00;1244010.00;70.00
2363;753378.00;1243420.00;100.00
2364;753815.00;1242760.00;100.00
2365;753815.00;1242820.00;100.00
2366;752305.00;1244670.00;100.00
2367;751882.00;1244120.00;100.00
2368;751824.00;1242880.00;100.00
2369;751303.00;1244450.00;70.00
2370;753069.00;1245100.00;100.00
2371;753224.00;1244360.00;100.00
2372;751909.00;1245210.00;200.00
2374;750510.00;1245580.00;100.00
2375;750311.00;1245810.00;200.00
2376;751809.00;1245380.00;100.00
2377;751764.00;1247680.00;200.00
2378;751443.00;1247660.00;100.00
2379;751168.00;1246740.00;150.00
2380;751128.00;1246740.00;150.00
2381;750946.00;1246530.00;100.00
2382;750503.00;1246060.00;50.00
2383;749711.00;1245900.00;70.00
2384;749550.00;1245750.00;200.00
2385;749229.00;1245550.00;70.00
2386;748006.00;1245300.00;100.00
2387;748011.00;1246000.00;100.00
2388;747851.00;1246125.00;100.00
2389;747892.00;1246260.00;100.00
2390;747436.00;1243620.00;100.00
2391;746982.00;1243160.00;100.00
2392;746659.00;1242700.00;100.00
2393;746491.00;1242940.00;30.00
2394;746308.00;1242550.00;100.00
2395;749115.00;1241790.00;100.00
2396;747742.00;1241460.00;70.00
2397;747803.00;1241570.00;70.00
2398;747112.00;1241470.00;70.00
2399;746035.00;1242020.00;70.00
2400;746064.00;1241960.00;20.00
2401;745767.00;1242440.00;200.00
2402;744659.00;1242830.00;50.00
2403;744893.00;1243460.00;70.00
2404;744505.00;1243880.00;70.00
2405;744216.00;1244120.00;70.00
2406;744192.00;1241800.00;70.00
2407;750787.00;1240180.00;70.00
2408;751178.00;1240440.00;70.00
2409;748711.00;1254000.00;200.00
2410;749516.00;1253080.00;200.00
2411;750659.00;1253500.00;30.00
2412;747196.00;1251800.00;300.00
2413;746244.00;1251500.00;300.00
2414;746649.00;1252300.00;100.00
2415;747151.00;1252580.00;200.00
2416;748762.00;1254060.00;50.00
2417;749307.00;1254900.00;100.00
2418;754119.00;1254700.00;50.00
2419;754038.00;1254560.00;50.00
2420;753064.00;1254000.00;50.00
2421;751865.00;1254300.00;50.00
2422;751129.00;1254950.00;50.00
2423;750908.00;1254840.00;50.00
2424;750528.00;1254800.00;50.00
2425;747556.00;1253280.00;300.00
2426;747014.00;1253080.00;100.00
2427;746230.00;1252500.00;30.00
2428;746075.00;1256500.00;50.00
2429;745047.00;1252100.00;50.00
2430;745167.00;1252150.00;100.00
2431;744008.00;1253950.00;100.00
2432;743806.00;1255320.00;100.00
2433;743719.00;1255800.00;30.00
2434;743816.00;1256860.00;30.00
2435;743736.00;1256840.00;200.00
2436;754031.00;1248600.00;200.00
2437;753930.00;1248500.00;100.00
2438;754033.00;1249000.00;100.00
2439;752638.00;1249900.00;100.00
2440;752638.00;1249800.00;100.00
2441;751037.00;1249900.00;100.00
2442;750341.00;1250550.00;100.00
2443;750391.00;1250600.00;30.00
2444;749134.00;1249650.00;100.00
2445;748434.00;1249650.00;100.00
2446;748434.00;1249700.00;100.00
2447;746832.00;1249600.00;70.00
2448;750908.00;1254840.00;50.00
2449;758900.00;1265440.00;50.00
2450;748347.00;1267600.00;100.00
2451;748477.00;1265940.00;50.00
2452;748386.00;1265840.00;30.00
2453;748505.00;1265720.00;30.00
2454;748455.00;1265670.00;10.00
2455;750415.00;1262310.00;50.00
2456;750114.00;1262230.00;30.00
2457;749122.00;1261910.00;100.00
2458;751840.00;1269170.00;100.00
2459;752709.00;1265100.00;50.00
2460;731003.00;1243660.00;200.00
2461;730729.00;1244640.00;200.00
2462;730809.00;1244640.00;30.00
2463;731668.00;1247560.00;100.00
2464;731728.00;1247560.00;30.00
2465;732015.00;1248560.00;30.00
2466;732152.00;1248120.00;50.00
2467;733214.00;1248280.00;100.00
2468;732119.00;1249160.00;30.00
2469;732364.00;1250000.00;30.00
2470;733280.00;1252380.00;50.00
2471;733280.00;1252380.00;30.00
2472;731490.00;1252720.00;30.00
2473;731490.00;1252720.00;50.00
2474;730038.00;1252580.00;150.00
2475;731364.00;1253350.00;100.00
2476;731597.00;1253700.00;30.00
2477;731566.00;1253640.00;30.00
2478;730829.00;1254250.00;30.00
2479;744146.00;1252000.00;30.00
2480;744046.00;1252000.00;20.00
2481;744046.00;1252040.00;30.00
2482;743396.00;1252160.00;50.00
2483;743386.00;1252200.00;20.00
2484;743265.00;1242460.00;30.00
2485;743150.00;1252880.00;30.00
2486;742853.00;1253300.00;30.00
2487;742813.00;1253330.00;30.00
2488;742753.00;1253280.00;20.00
2489;742878.00;1247680.00;5.00
2490;742616.00;1243480.00;20.00
2491;742742.00;1243500.00;30.00
2492;741879.00;1244840.00;20.00
2493;742069.00;1244760.00;20.00
2494;742000.00;1244900.00;30.00
2495;741218.00;1244800.00;30.00
2496;741178.00;1244800.00;30.00
2497;739399.00;1245120.00;30.00
2498;739399.00;1245060.00;30.00
2499;742110.00;1242500.00;30.00
2500;742084.00;1242400.00;30.00
2501;759218.00;1252460.00;30.00
2502;759138.00;1252400.00;30.00
2503;758124.00;1250250.00;30.00
2504;759681.00;1243240.00;20.00
2505;759721.00;1243220.00;30.00
2506;758697.00;1242620.00;30.00
2507;758736.00;1242540.00;50.00
2508;757916.00;1242640.00;30.00
2509;730549.00;1242940.00;20.00
2510;730937.00;1242660.00;30.00
2511;731358.00;1242770.00;20.00
2512;731389.00;1242850.00;20.00
2513;731311.00;1240080.00;20.00
2514;731466.00;1240860.00;100.00
2515;731517.00;1240920.00;30.00
2516;731158.00;1241200.00;30.00
2517;732160.00;1241280.00;100.00
2518;730990.00;1241530.00;30.00
2519;731892.00;1240160.00;30.00
2520;735222.00;1241200.00;20.00
2521;735666.00;1240290.00;30.00
2522;735776.00;1240220.00;30.00
2523;735207.00;1240450.00;30.00
2524;734078.00;1240700.00;30.00
2525;735323.00;1241460.00;20.00
2526;735865.00;1241610.00;30.00
2527;735836.00;1241780.00;30.00
2528;735577.00;1242040.00;20.00
2529;734948.00;1242250.00;20.00
2530;735000.00;1242590.00;30.00
2531;736497.00;1241840.00;20.00
2532;736386.00;1241700.00;15.00
2533;737927.00;1241660.00;10.00
2534;738082.00;1242520.00;15.00
2535;738586.00;1241510.00;15.00
2536;738846.00;1241450.00;15.00
2537;738991.00;1240560.00;15.00
2538;738931.00;1240680.00;15.00
2539;737943.00;1242770.00;15.00
2540;736647.00;1241840.00;15.00
2541;737638.00;1248340.00;10.00
2542;737674.00;1247770.00;15.00
2543;737543.00;1247555.00;15.00
2544;737550.00;1247170.00;15.00
2545;737728.00;1246780.00;15.00
2546;737905.00;1246230.00;15.00
2547;737070.00;1245560.00;15.00
2548;737197.00;1245070.00;15.00
2549;737174.00;1244570.00;15.00
2550;737252.00;1244230.00;15.00
2551;737160.00;1244010.00;15.00
2552;736212.00;1244450.00;15.00
2553;736113.00;1244500.00;15.00
2554;737088.00;1243620.00;20.00
2555;737207.00;1243480.00;15.00
2556;737201.00;1242460.00;10.00
2557;736278.00;1242080.00;10.00
2558;744463.00;1245180.00;10.00
2559;744924.00;1245320.00;15.00
2560;743983.00;1245140.00;20.00
2561;743902.00;1245100.00;15.00
2562;732678.00;1242600.00;30.00
2563;732729.00;1242650.00;20.00
2564;732780.00;1242900.00;30.00
2565;733042.00;1244800.00;20.00
2566;733192.00;1244800.00;20.00
2567;733252.00;1244800.00;30.00
2568;735101.00;1246000.00;50.00
2569;735161.00;1247600.00;30.00
2570;735255.00;1246600.00;20.00
2571;737113.00;1247600.00;30.00
2572;737119.00;1248600.00;50.00
2573;735255.00;1246600.00;30.00
2574;744294.00;1251750.00;30.00
2575;744741.00;1251200.00;30.00
2576;744538.00;1250700.00;50.00
2577;745187.00;1250550.00;50.00
2578;745237.00;1250470.00;20.00
2579;745287.00;1250520.00;30.00
2580;742114.00;1247250.00;10.00
2581;742065.00;1247280.00;30.00
2582;742259.00;1247980.00;5.00
2583;741021.00;1248450.00;30.00
2584;740871.00;1248400.00;30.00
2585;740921.00;1248440.00;20.00
2586;740669.00;1248200.00;5.00
2587;740040.00;1248400.00;50.00
2588;739561.00;1248650.00;30.00
2589;740557.00;1246200.00;20.00
2590;740557.00;1246200.00;30.00
2591;742233.00;1242200.00;30.00
2592;742730.00;1241650.00;30.00
2593;741120.00;1240150.00;50.00
2594;741169.00;1240100.00;50.00
2595;741169.00;1240100.00;30.00
2596;758907.00;1268000.00;30.00
2597;758709.00;1260500.00;30.00
2598;757496.00;1258600.00;50.00
2599;756587.00;1257250.00;30.00
2600;742265.00;1278750.00;30.00
2601;742215.00;1278800.00;15.00
2602;743165.00;1278700.00;15.00
2603;743215.00;1278700.00;15.00
2604;744267.00;1278850.00;15.00
2605;756063.00;1269300.00;20.00
2606;755023.00;1270900.00;20.00
2607;742256.00;1277300.00;15.00
2608;744253.00;1276700.00;30.00
2609;741668.00;1271600.00;15.00
2610;744080.00;1273100.00;30.00
2611;746529.00;1272650.00;15.00
2612;746378.00;1272650.00;30.00
2613;748152.00;1268350.00;15.00
2614;749075.00;1271800.00;20.00
2615;751322.00;1271100.00;20.00
2616;750626.00;1271850.00;15.00
2617;751326.00;1271750.00;20.00
2618;751275.00;1271650.00;15.00
2619;751155.00;1268550.00;30.00
2620;752822.00;1271050.00;30.00
2621;752773.00;1271100.00;30.00
2622;752993.00;1274150.00;20.00
2623;753044.00;1274300.00;20.00
2624;754213.00;1277250.00;15.00
2625;751392.00;1274250.00;5.00
2626;751343.00;1274350.00;15.00
2627;749737.00;1273650.00;15.00
2628;749787.00;1273600.00;20.00
2629;751238.00;1273550.00;30.00
2630;749149.00;1275600.00;15.00
2631;752253.00;1275800.00;70.00
2632;752306.00;1276250.00;15.00
2633;755894.00;1274100.00;70.00
2634;756141.00;1273550.00;20.00
2635;756199.00;1274850.00;20.00
2636;757440.00;1273250.00;30.00
2637;752926.00;1271600.00;20.00
2638;756829.00;1271600.00;30.00
2639;756702.00;1267400.00;20.00
2640;756003.00;1267700.00;15.00
2641;753702.00;1267750.00;15.00
2642;752553.00;1268100.00;15.00
2643;751904.00;1268300.00;30.00
2644;750607.00;1268800.00;50.00
2645;749259.00;1269300.00;15.00
2646;752194.00;1266600.00;20.00
2647;756202.00;1267600.00;20.00
2648;744010.00;1270100.00;150.00
2649;737292.00;1252320.00;20.00
2650;738385.00;1251040.00;20.00
2651;739331.00;1250300.00;30.00
2652;734591.00;1250900.00;20.00
2653;733664.00;1253000.00;20.00
2654;737004.00;1254150.00;20.00
2655;737399.00;1253360.00;20.00
2656;737448.00;1253250.00;20.00
2657;737630.00;1256600.00;20.00
2658;737461.00;1263200.00;20.00
2659;730116.00;1264840.00;30.00
2660;730069.00;1265300.00;50.00
2661;730058.00;1265200.00;30.00
2662;730834.00;1264500.00;20.00
2663;731204.00;1262900.00;20.00
2664;731195.00;1261460.00;30.00
2665;731332.00;1260950.00;20.00
2666;731392.00;1260880.00;30.00
2667;731371.00;1260800.00;30.00
2668;731585.00;1259750.00;30.00
2669;731731.00;1259150.00;30.00
2670;731481.00;1259100.00;30.00
2671;731580.00;1259000.00;20.00
2672;734923.00;1265350.00;30.00
2673;734823.00;1265300.00;50.00
2674;735189.00;1266250.00;30.00
2675;735430.00;1266350.00;100.00
2676;735430.00;1266300.00;100.00
2677;737038.00;1267400.00;50.00
2678;735449.00;1274062.00;50.00
2679;737146.00;1274950.00;30.00
2680;737111.00;1274955.00;30.00
2681;736999.00;1276925.00;30.00
2682;736204.00;1277710.00;50.00
2683;736153.00;1277675.00;30.00
2684;730194.00;1273825.00;30.00
2685;730485.00;1273950.00;70.00
2686;753385.00;1261250.00;50.00
2687;750896.00;1259300.00;150.00
2688;737610.00;1255100.00;30.00
2689;741252.00;1253350.00;30.00
2690;741402.00;1253350.00;30.00
2691;735372.00;1249350.00;30.00
2692;735035.00;1259350.00;30.00
2693;735134.00;1259200.00;30.00
2694;736143.00;1260500.00;30.00
2695;737759.00;1262750.00;30.00
2696;737461.00;1263200.00;50.00
2697;737330.00;1266200.00;30.00
2698;734271.00;1265050.00;30.00
2699;733770.00;1264950.00;30.00
2700;732114.00;1264300.00;30.00
2701;730517.00;1264950.00;70.00
2702;730080.00;1267000.00;50.00
2703;730836.00;1267900.00;30.00
2704;730937.00;1268000.00;30.00
2705;733996.00;1269000.00;50.00
2706;734047.00;1269200.00;30.00
2707;735198.00;1269200.00;30.00
2708;736495.00;1268650.00;30.00
2709;736496.00;1268750.00;30.00
2710;736999.00;1276900.00;30.00
2711;737351.00;1277200.00;30.00
2712;738405.00;1277650.00;50.00
2713;736796.00;1276500.00;30.00
2714;736280.00;1274100.00;30.00
2715;736281.00;1274200.00;30.00
2716;735225.00;1273400.00;50.00
2717;757770.00;1277950.00;30.00
2718;757515.00;1277250.00;30.00
2719;747008.00;1267860.00;30.00
2720;789258.00;1259700.00;50.00
2721;789256.00;1259400.00;30.00
2722;788727.00;1256300.00;40.00
2723;788775.00;1256100.00;40.00
2724;789704.00;1252700.00;50.00
2725;788376.00;1253100.00;50.00
2726;789054.00;1249500.00;50.00
2727;789654.00;1249450.00;50.00
2728;789705.00;1249600.00;70.00
2729;789445.00;1248020.00;50.00
2730;729863.00;1240440.00;50.00
2731;728967.00;1265200.00;30.00
2732;729067.00;1265150.00;30.00
2733;729980.00;1267000.00;50.00
